Day_of_week,Age_band_of_driver,Sex_of_driver,Driving_experience,Defect_of_vehicle,Road_surface_conditions,Light_conditions,Weather_conditions,Type_of_collision,Number_of_vehicles_involved,Number_of_casualties,Vehicle_movement,Casualty_class,Sex_of_casualty,Age_band_of_casualty,Casualty_severity,Accident_severity
Tuesday,Unknown,Female,5-10yr,No defect,Dry,Daylight,Normal,Vehicle with vehicle collision,3,1,Going straight,Driver or rider,Male,18-30,3,Slight Injury
Tuesday,Unknown,Female,Below 1yr,No defect,Dry,Daylight,Normal,Collision with pedestrians,3,1,Going straight,na,na,na,na,Slight Injury
Sunday,31-50,Male,Above 10yr,No defect,Dry,Daylight,Normal,Vehicle with vehicle collision,2,1,Going straight,Driver or rider,Male,18-30,2,Slight Injury
Sunday,Under 18,Male,5-10yr,No defect,Dry,Daylight,Normal,Vehicle with vehicle collision,2,1,Going straight,Driver or rider,Male,Over 51,2,Slight Injury
Friday,18-30,Male,Above 10yr,No defect,Wet or damp,Darkness - lights lit,Normal,Vehicle with vehicle collision,2,1,Going straight,na,na,na,na,Serious Injury
Friday,18-30,Male,5-10yr,No defect,Wet or damp,Darkness - lights lit,Normal,Vehicle with vehicle collision,2,1,Going straight,Driver or rider,Female,31-50,3,Serious Injury
Wednesday,31-50,Male,1-2yr,No defect,Wet or damp,Darkness - lights lit,Raining,Collision with roadside objects,2,1,Going straight,Passenger,Female,18-30,3,Slight Injury
Wednesday,31-50,Male,1-2yr,No defect,Wet or damp,Darkness - lights lit,Raining,Vehicle with vehicle collision,2,1,Going straight,Driver or rider,Male,18-30,3,Slight Injury
Tuesday,Over 51,Male,1-2yr,No defect,Dry,Darkness - lights lit,Normal,Vehicle with vehicle collision,2,1,Going straight,na,na,na,na,Slight Injury
Tuesday,31-50,Male,2-5yr,,Dry,Darkness - lights lit,Normal,Vehicle with vehicle collision,2,1,Moving Backward,Driver or rider,Female,31-50,3,Slight Injury
Wednesday,18-30,Unknown,Above 10yr,No defect,Wet or damp,Darkness - lights lit,Normal,Vehicle with vehicle collision,1,1,Going straight,Driver or rider,Female,18-30,3,Slight Injury
Sunday,31-50,Male,2-5yr,,Dry,Daylight,Normal,Collision with roadside objects,2,1,Going straight,Passenger,Male,18-30,3,Slight Injury
Sunday,31-50,Male,Above 10yr,No defect,Dry,Daylight,Normal,Vehicle with vehicle collision,2,1,Going straight,Driver or rider,Female,18-30,3,Slight Injury
Thursday,31-50,Male,2-5yr,,Wet or damp,Darkness - lights lit,Normal,Collision with roadside objects,2,3,Going straight,Driver or rider,Male,18-30,3,Slight Injury
Thursday,31-50,Male,No Licence,,Wet or damp,Darkness - lights lit,Normal,Vehicle with vehicle collision,2,3,Going straight,Passenger,Male,18-30,3,Slight Injury
Thursday,Over 51,Male,1-2yr,No defect,Wet or damp,Darkness - lights lit,Normal,Rollover,2,3,Going straight,Passenger,Female,Under 18,3,Slight Injury
Friday,18-30,Male,5-10yr,No defect,Dry,Darkness - lights lit,Normal,Vehicle with vehicle collision,2,1,Going straight,na,na,na,na,Slight Injury
Friday,Under 18,Male,1-2yr,No defect,Dry,Darkness - lights lit,Normal,Vehicle with vehicle collision,2,1,Going straight,Driver or rider,Female,31-50,2,Slight Injury
Monday,Unknown,Female,Above 10yr,No defect,Wet or damp,Daylight,Raining and Windy,Vehicle with vehicle collision,1,1,Going straight,na,na,na,na,Slight Injury
Tuesday,18-30,Male,1-2yr,No defect,Dry,Daylight,Normal,Vehicle with vehicle collision,2,1,Going straight,Driver or rider,Male,31-50,3,Slight Injury
Tuesday,Under 18,Male,1-2yr,No defect,Dry,Daylight,Normal,Vehicle with vehicle collision,2,1,Going straight,Passenger,Female,31-50,3,Slight Injury
Friday,Unknown,Female,2-5yr,No defect,Wet or damp,Darkness - lights lit,Raining,Collision with pedestrians,3,1,Going straight,Driver or rider,Male,18-30,3,Slight Injury
Friday,18-30,Male,1-2yr,No defect,Wet or damp,Darkness - lights lit,Raining,Rollover,3,1,Going straight,na,na,na,na,Slight Injury
Friday,18-30,Female,1-2yr,No defect,Wet or damp,Darkness - lights lit,Raining,Vehicle with vehicle collision,3,1,Going straight,Driver or rider,Male,18-30,2,Slight Injury
Tuesday,31-50,Male,Above 10yr,,Dry,Darkness - lights lit,Normal,Rollover,2,1,Going straight,Pedestrian,Female,Under 18,3,Slight Injury
Tuesday,18-30,Unknown,Above 10yr,No defect,Dry,Darkness - lights lit,Normal,Unknown,2,1,Going straight,Driver or rider,Male,Under 18,2,Slight Injury
Friday,31-50,Male,Above 10yr,,Dry,Daylight,Normal,Vehicle with vehicle collision,1,1,Going straight,na,na,na,na,Slight Injury
Monday,18-30,Male,Above 10yr,,Wet or damp,Darkness - lights lit,Normal,Vehicle with vehicle collision,2,2,Reversing,Pedestrian,Female,Over 51,2,Slight Injury
Monday,Over 51,Male,1-2yr,,Wet or damp,Darkness - lights lit,Normal,Fall from vehicles,2,2,Going straight,Pedestrian,Female,31-50,2,Slight Injury
Monday,Over 51,Male,5-10yr,No defect,Wet or damp,Darkness - lights lit,Normal,Vehicle with vehicle collision,2,2,Going straight,na,na,na,na,Slight Injury
Sunday,Over 51,Male,2-5yr,No defect,Wet or damp,Darkness - lights lit,Normal,Collision with roadside objects,2,5,Going straight,Driver or rider,Male,31-50,3,Slight Injury
Sunday,Over 51,Male,2-5yr,No defect,Wet or damp,Darkness - lights lit,Normal,Vehicle with vehicle collision,2,5,Unknown,Driver or rider,Male,18-30,3,Slight Injury
Sunday,31-50,Male,5-10yr,,Wet or damp,Darkness - lights lit,Normal,Vehicle with vehicle collision,2,5,Going straight,Driver or rider,Male,Over 51,3,Slight Injury
Sunday,31-50,Male,5-10yr,,Wet or damp,Darkness - lights lit,Normal,Vehicle with vehicle collision,2,5,Going straight,na,na,na,na,Slight Injury
Sunday,31-50,Male,2-5yr,,Wet or damp,Darkness - lights lit,Normal,Collision with pedestrians,2,5,Going straight,Driver or rider,Male,18-30,3,Slight Injury
Thursday,Unknown,Female,Above 10yr,,Wet or damp,Darkness - lights lit,Raining,Vehicle with vehicle collision,2,1,Going straight,na,na,na,na,Slight Injury
Thursday,31-50,Male,5-10yr,,Wet or damp,Darkness - lights lit,Raining,Vehicle with vehicle collision,2,1,Going straight,Driver or rider,Male,18-30,2,Slight Injury
Friday,Under 18,Male,Above 10yr,,Wet or damp,Darkness - lights lit,Normal,Unknown,2,1,Going straight,na,na,na,na,Slight Injury
Friday,Over 51,Male,2-5yr,No defect,Wet or damp,Darkness - lights lit,Normal,Rollover,2,1,Unknown,na,na,na,na,Slight Injury
Thursday,18-30,Male,2-5yr,,Wet or damp,Daylight,Normal,Collision with roadside objects,2,1,Moving Backward,Driver or rider,Male,18-30,3,Serious Injury
Thursday,31-50,Male,2-5yr,No defect,Wet or damp,Daylight,Normal,Vehicle with vehicle collision,2,1,Going straight,Pedestrian,Male,31-50,2,Serious Injury
Monday,31-50,Male,1-2yr,No defect,Dry,Daylight,Normal,Vehicle with vehicle collision,1,1,Turnover,Pedestrian,Female,18-30,2,Serious Injury
Monday,31-50,Male,5-10yr,,Wet or damp,Daylight,Cloudy,Collision with roadside objects,1,1,Turnover,Pedestrian,Male,Under 18,3,Slight Injury
Monday,Over 51,Male,2-5yr,No defect,Dry,Daylight,Normal,Vehicle with vehicle collision,2,2,Reversing,na,na,na,na,Slight Injury
Monday,Over 51,Male,1-2yr,No defect,Dry,Daylight,Normal,Vehicle with vehicle collision,2,2,Reversing,Driver or rider,Male,31-50,3,Slight Injury
Monday,Unknown,Female,1-2yr,No defect,Dry,Daylight,Normal,Vehicle with vehicle collision,2,2,Reversing,Driver or rider,Male,31-50,3,Slight Injury
Friday,18-30,Male,No Licence,No defect,Wet or damp,Daylight,Raining,Rollover,1,1,Moving Backward,na,na,na,na,Slight Injury
Thursday,Over 51,Male,5-10yr,No defect,Wet or damp,Daylight,Other,Rollover,1,1,Going straight,na,na,na,na,Slight Injury
Thursday,18-30,Male,1-2yr,,Wet or damp,Daylight,Raining,Collision with pedestrians,2,1,Going straight,Driver or rider,Male,18-30,3,Serious Injury
Thursday,Under 18,Male,2-5yr,,Wet or damp,Daylight,Raining,Unknown,2,1,Going straight,Driver or rider,Male,31-50,3,Serious Injury
Wednesday,18-30,Male,5-10yr,No defect,Wet or damp,Darkness - lights lit,Normal,Vehicle with vehicle collision,2,1,Going straight,Passenger,Female,31-50,3,Slight Injury
Wednesday,31-50,Male,,,Wet or damp,Darkness - lights lit,Normal,Vehicle with vehicle collision,2,1,Going straight,Driver or rider,Male,18-30,2,Slight Injury
Saturday,18-30,Male,,,Wet or damp,Darkness - lights lit,Raining,Collision with pedestrians,1,1,Going straight,na,na,na,na,Fatal injury
Wednesday,Under 18,Male,2-5yr,No defect,Wet or damp,Darkness - lights lit,Cloudy,Collision with pedestrians,2,1,Going straight,na,na,na,na,Slight Injury
Wednesday,31-50,Male,Above 10yr,No defect,Wet or damp,Darkness - lights lit,Cloudy,Vehicle with vehicle collision,2,1,Going straight,Driver or rider,Male,18-30,3,Slight Injury
Tuesday,18-30,Male,Above 10yr,No defect,Dry,Darkness - lights lit,Normal,Vehicle with vehicle collision,2,1,Going straight,na,na,na,na,Slight Injury
Tuesday,18-30,Male,,No defect,Dry,Darkness - lights lit,Normal,Vehicle with vehicle collision,2,1,Turnover,Driver or rider,Female,31-50,3,Slight Injury
Saturday,31-50,Male,Above 10yr,,Wet or damp,Darkness - lights lit,Windy,Collision with roadside objects,1,1,Going straight,Pedestrian,Female,31-50,3,Slight Injury
Monday,18-30,Male,,,Wet or damp,Daylight,Raining,Unknown,2,1,Moving Backward,Pedestrian,Female,18-30,3,Slight Injury
Monday,18-30,Male,5-10yr,No defect,Wet or damp,Daylight,Raining,Collision with roadside objects,2,1,Going straight,Driver or rider,Male,18-30,2,Slight Injury
Sunday,31-50,Male,Above 10yr,No defect,Dry,Darkness - lights lit,Normal,Vehicle with vehicle collision,2,1,Going straight,Driver or rider,Male,18-30,3,Slight Injury
Sunday,Unknown,Female,Above 10yr,No defect,Dry,Darkness - lights lit,Normal,Vehicle with vehicle collision,2,1,Moving Backward,Driver or rider,Male,Over 51,3,Slight Injury
Saturday,Over 51,Unknown,,No defect,Wet or damp,Darkness - lights lit,Other,Collision with roadside objects,1,1,Going straight,Passenger,Male,Over 51,3,Slight Injury
Thursday,18-30,Unknown,5-10yr,No defect,Wet or damp,Darkness - lights lit,Windy,Vehicle with vehicle collision,1,1,Going straight,Driver or rider,Male,31-50,3,Slight Injury
Wednesday,31-50,Male,Above 10yr,No defect,Wet or damp,Darkness - lights lit,Raining,Vehicle with vehicle collision,1,1,Waiting to go,Driver or rider,Male,31-50,3,Slight Injury
Tuesday,18-30,Male,Below 1yr,No defect,Wet or damp,Darkness - lights lit,Raining,Collision with roadside objects,2,1,Moving Backward,Passenger,Male,18-30,3,Serious Injury
Tuesday,18-30,Male,2-5yr,No defect,Wet or damp,Darkness - lights lit,Raining,Collision with roadside objects,2,1,Moving Backward,Pedestrian,Male,Under 18,2,Serious Injury
Monday,18-30,Unknown,2-5yr,No defect,Wet or damp,Daylight,Cloudy,Vehicle with vehicle collision,1,1,Going straight,Driver or rider,Male,18-30,3,Slight Injury
Wednesday,Under 18,Unknown,5-10yr,No defect,Wet or damp,Darkness - lights lit,Raining,Unknown,2,2,Unknown,Driver or rider,Male,Over 51,3,Slight Injury
Wednesday,18-30,Unknown,,No defect,Wet or damp,Darkness - lights lit,Raining,Vehicle with vehicle collision,2,2,Going straight,na,na,na,na,Slight Injury
Tuesday,31-50,Male,Below 1yr,No defect,Wet or damp,Darkness - lights lit,Normal,Vehicle with vehicle collision,1,2,Going straight,Driver or rider,Male,31-50,3,Slight Injury
Tuesday,31-50,Male,Above 10yr,No defect,Wet or damp,Darkness - lights lit,Normal,Vehicle with vehicle collision,1,2,Going straight,Passenger,Male,Under 18,3,Slight Injury
Monday,31-50,Unknown,Below 1yr,No defect,Dry,Darkness - lights lit,Normal,Vehicle with vehicle collision,2,1,Moving Backward,Passenger,Male,Under 18,3,Slight Injury
Monday,18-30,Male,5-10yr,No defect,Dry,Darkness - lights lit,Normal,Vehicle with vehicle collision,2,1,Going straight,na,na,na,na,Slight Injury
Wednesday,18-30,Male,5-10yr,No defect,Wet or damp,Darkness - lights lit,Normal,Vehicle with vehicle collision,1,1,Going straight,Driver or rider,Female,18-30,2,Serious Injury
Friday,31-50,Male,,,Dry,Darkness - lights lit,Normal,Vehicle with vehicle collision,2,2,Going straight,Passenger,Female,Over 51,3,Slight Injury
Friday,31-50,Male,1-2yr,,Dry,Darkness - lights lit,Normal,Vehicle with vehicle collision,2,2,Going straight,Pedestrian,Male,Under 18,3,Slight Injury
Friday,18-30,Male,5-10yr,,Dry,Darkness - lights lit,Normal,Unknown,2,2,Going straight,na,na,na,na,Slight Injury
Friday,Over 51,Male,5-10yr,,Wet or damp,Daylight,Normal,Vehicle with vehicle collision,1,1,Reversing,Driver or rider,Female,31-50,3,Slight Injury
Wednesday,31-50,Male,5-10yr,No defect,Dry,Darkness - lights lit,Normal,Vehicle with vehicle collision,2,1,Going straight,Pedestrian,Male,Under 18,2,Slight Injury
Wednesday,18-30,Male,5-10yr,No defect,Dry,Darkness - lights lit,Normal,Vehicle with vehicle collision,2,1,Going straight,na,na,na,na,Slight Injury
Saturday,18-30,Male,Above 10yr,No defect,Wet or damp,Darkness - lights lit,Raining,Vehicle with vehicle collision,3,1,Going straight,Driver or rider,Male,18-30,3,Slight Injury
Saturday,Over 51,Unknown,5-10yr,No defect,Wet or damp,Darkness - lights lit,Raining,Vehicle with vehicle collision,3,1,Going straight,Pedestrian,Female,18-30,3,Slight Injury
Saturday,Over 51,Male,No Licence,No defect,Wet or damp,Darkness - lights lit,Raining,Vehicle with vehicle collision,3,1,Going straight,Driver or rider,Female,31-50,3,Slight Injury
Thursday,Over 51,Male,Below 1yr,No defect,Wet or damp,Daylight,Normal,Vehicle with vehicle collision,2,1,Going straight,Passenger,Female,18-30,3,Serious Injury
Thursday,18-30,Male,5-10yr,No defect,Wet or damp,Daylight,Normal,Collision with roadside objects,2,1,Going straight,Driver or rider,Male,Over 51,2,Serious Injury
Wednesday,18-30,Unknown,5-10yr,No defect,Dry,Darkness - lights lit,Normal,Vehicle with vehicle collision,2,2,Going straight,na,na,na,na,Slight Injury
Wednesday,18-30,Male,5-10yr,No defect,Dry,Darkness - lights lit,Normal,Collision with pedestrians,2,2,Waiting to go,na,na,na,na,Slight Injury
Wednesday,18-30,Male,5-10yr,No defect,Dry,Darkness - lights lit,Normal,Unknown,2,2,Going straight,Driver or rider,Male,31-50,2,Slight Injury
Friday,31-50,Male,5-10yr,No defect,Dry,Darkness - lights lit,Normal,Collision with roadside objects,1,1,Going straight,Driver or rider,Male,18-30,3,Slight Injury
Monday,18-30,Male,2-5yr,No defect,Wet or damp,Daylight,Raining,Vehicle with vehicle collision,2,2,Going straight,Driver or rider,Female,18-30,3,Slight Injury
Monday,Over 51,Male,5-10yr,No defect,Wet or damp,Daylight,Raining,Vehicle with vehicle collision,2,2,Going straight,Passenger,Female,Under 18,3,Slight Injury
Monday,31-50,Male,Above 10yr,No defect,Wet or damp,Daylight,Raining,Vehicle with vehicle collision,2,1,Going straight,na,na,na,na,Slight Injury
Monday,31-50,Male,1-2yr,No defect,Wet or damp,Daylight,Raining,Vehicle with vehicle collision,2,1,Going straight,Driver or rider,Male,18-30,3,Slight Injury
Friday,18-30,Male,Below 1yr,,Wet or damp,Darkness - lights lit,Raining,Vehicle with vehicle collision,1,1,Going straight,Passenger,Female,31-50,3,Serious Injury
Saturday,18-30,Male,1-2yr,,Wet or damp,Darkness - lights lit,Raining,Rollover,2,2,Going straight,Driver or rider,Male,Over 51,3,Slight Injury
Saturday,18-30,Male,5-10yr,No defect,Wet or damp,Darkness - lights lit,Raining,Collision with roadside objects,2,2,Going straight,na,na,na,na,Slight Injury
Saturday,Over 51,Male,Above 10yr,,Wet or damp,Darkness - no lighting,Raining,Vehicle with vehicle collision,1,1,Going straight,Driver or rider,Male,Under 18,3,Serious Injury
Wednesday,18-30,Male,5-10yr,,Wet or damp,Darkness - lights lit,Raining,Collision with roadside objects,1,1,Going straight,na,na,na,na,Slight Injury
Monday,18-30,Male,2-5yr,No defect,Dry,Darkness - lights lit,Normal,Vehicle with vehicle collision,2,2,Going straight,Passenger,Female,Under 18,3,Slight Injury
Monday,31-50,Male,2-5yr,,Dry,Darkness - lights lit,Normal,Vehicle with vehicle collision,2,2,Going straight,na,na,na,na,Slight Injury
Thursday,31-50,Male,Above 10yr,,Wet or damp,Darkness - lights lit,Raining,Vehicle with vehicle collision,1,2,Turnover,Passenger,Female,Over 51,2,Serious Injury
Thursday,31-50,Male,2-5yr,No defect,Wet or damp,Darkness - lights lit,Raining,Vehicle with vehicle collision,1,2,Reversing,Pedestrian,Female,Under 18,3,Serious Injury
Monday,Over 51,Unknown,Below 1yr,No defect,Dry,Daylight,Normal,Vehicle with vehicle collision,2,1,Moving Backward,Pedestrian,Female,Under 18,3,Slight Injury
Monday,Over 51,Male,2-5yr,No defect,Dry,Daylight,Normal,Collision with roadside objects,2,1,Going straight,na,na,na,na,Slight Injury
Thursday,31-50,Male,Above 10yr,No defect,Wet or damp,Darkness - lights lit,Normal,Vehicle with vehicle collision,1,1,Moving Backward,Driver or rider,Male,18-30,3,Slight Injury
Friday,31-50,Male,2-5yr,No defect,Dry,Daylight,Normal,Collision with roadside objects,2,1,Going straight,na,na,na,na,Slight Injury
Friday,Over 51,Male,Above 10yr,No defect,Dry,Daylight,Normal,Vehicle with vehicle collision,2,1,Going straight,Driver or rider,Male,31-50,3,Slight Injury
Thursday,31-50,Male,Above 10yr,No defect,Dry,Darkness - lights lit,Normal,Vehicle with vehicle collision,1,1,Going straight,Pedestrian,Male,18-30,2,Serious Injury
Sunday,Over 51,Unknown,Above 10yr,No defect,Dry,Daylight,Normal,Vehicle with vehicle collision,2,1,Going straight,na,na,na,na,Slight Injury
Sunday,31-50,Male,Above 10yr,No defect,Dry,Daylight,Normal,Vehicle with vehicle collision,2,1,Going straight,Driver or rider,Male,18-30,3,Slight Injury
Tuesday,18-30,Male,Below 1yr,,Dry,Daylight,Normal,Vehicle with vehicle collision,2,1,Unknown,na,na,na,na,Slight Injury
Tuesday,31-50,Male,5-10yr,,Dry,Daylight,Normal,Vehicle with vehicle collision,2,1,Going straight,Driver or rider,Male,31-50,3,Slight Injury
Tuesday,31-50,Male,2-5yr,,Dry,Daylight,Normal,Vehicle with vehicle collision,3,3,Unknown,Pedestrian,Male,Over 51,1,Slight Injury
Tuesday,18-30,Unknown,Above 10yr,,Dry,Daylight,Normal,Vehicle with vehicle collision,3,3,Going straight,na,na,na,na,Slight Injury
Tuesday,31-50,Male,Below 1yr,,Dry,Daylight,Normal,Vehicle with vehicle collision,3,3,Moving Backward,Driver or rider,Male,31-50,3,Slight Injury
Tuesday,31-50,Male,2-5yr,,Dry,Daylight,Normal,Vehicle with vehicle collision,3,3,Going straight,na,na,na,na,Slight Injury
Wednesday,18-30,Male,Above 10yr,,Dry,Daylight,Normal,Vehicle with vehicle collision,3,1,Going straight,Pedestrian,Male,31-50,2,Serious Injury
Wednesday,18-30,Male,2-5yr,No defect,Dry,Daylight,Normal,Rollover,3,1,Moving Backward,Driver or rider,Female,Under 18,3,Serious Injury
Wednesday,Over 51,Male,2-5yr,,Dry,Daylight,Normal,Collision with roadside objects,3,1,Going straight,na,na,na,na,Serious Injury
Friday,Over 51,Male,2-5yr,No defect,Wet or damp,Daylight,Windy,Vehicle with vehicle collision,3,1,Turnover,na,na,na,na,Slight Injury
Friday,Over 51,Male,1-2yr,No defect,Wet or damp,Daylight,Windy,Vehicle with vehicle collision,3,1,Going straight,Pedestrian,Female,Under 18,3,Slight Injury
Friday,31-50,Male,5-10yr,,Wet or damp,Daylight,Windy,Collision with roadside objects,3,1,Going straight,Driver or rider,Male,18-30,3,Slight Injury
Thursday,31-50,Male,2-5yr,No defect,Dry,Daylight,Normal,Vehicle with vehicle collision,2,1,Unknown,na,na,na,na,Slight Injury
Thursday,31-50,Male,1-2yr,No defect,Dry,Daylight,Normal,Vehicle with vehicle collision,2,1,Going straight,Driver or rider,Female,Under 18,3,Slight Injury
Sunday,Under 18,Male,1-2yr,No defect,Wet or damp,Daylight,Normal,Vehicle with vehicle collision,3,4,Going straight,Driver or rider,Male,31-50,3,Slight Injury
Sunday,18-30,Male,No Licence,No defect,Wet or damp,Daylight,Normal,Rollover,3,4,Going straight,na,na,na,na,Slight Injury
Sunday,31-50,Male,5-10yr,No defect,Wet or damp,Daylight,Normal,Rollover,3,4,Going straight,Driver or rider,Male,31-50,3,Slight Injury
Sunday,31-50,Unknown,1-2yr,,Wet or damp,Daylight,Normal,Collision with pedestrians,3,4,Reversing,Pedestrian,Male,31-50,3,Slight Injury
Monday,Over 51,Male,2-5yr,,Wet or damp,Daylight,Normal,Vehicle with vehicle collision,1,1,Going straight,na,na,na,na,Serious Injury
Thursday,31-50,Male,5-10yr,No defect,Dry,Darkness - no lighting,Cloudy,Vehicle with vehicle collision,2,1,Moving Backward,Driver or rider,Male,Under 18,2,Slight Injury
Thursday,31-50,Male,,,Dry,Darkness - no lighting,Cloudy,Vehicle with vehicle collision,2,1,Going straight,na,na,na,na,Slight Injury
Friday,Over 51,Male,,,Wet or damp,Darkness - lights lit,Normal,Collision with pedestrians,2,2,Going straight,Driver or rider,Male,31-50,3,Slight Injury
Friday,31-50,Male,2-5yr,No defect,Wet or damp,Darkness - lights lit,Normal,Collision with pedestrians,2,2,Going straight,na,na,na,na,Slight Injury
Tuesday,Over 51,Male,Above 10yr,No defect,Wet or damp,Daylight,Normal,Vehicle with vehicle collision,2,1,Going straight,Driver or rider,Male,31-50,3,Slight Injury
Tuesday,31-50,Male,Above 10yr,No defect,Wet or damp,Daylight,Normal,Vehicle with vehicle collision,2,1,Going straight,Driver or rider,Male,Over 51,2,Slight Injury
Tuesday,Over 51,Male,,No defect,Dry,Daylight,Normal,Vehicle with vehicle collision,3,3,Turnover,na,na,na,na,Serious Injury
Tuesday,18-30,Male,Above 10yr,,Dry,Daylight,Normal,Collision with roadside objects,3,3,Going straight,Driver or rider,Male,18-30,3,Serious Injury
Tuesday,31-50,Male,,,Dry,Daylight,Normal,Vehicle with vehicle collision,3,3,Going straight,Passenger,Female,Under 18,3,Serious Injury
Tuesday,18-30,Male,5-10yr,No defect,Wet or damp,Darkness - lights lit,Normal,Collision with roadside objects,1,1,Moving Backward,na,na,na,na,Serious Injury
Wednesday,Unknown,Female,Above 10yr,No defect,Dry,Darkness - lights lit,Normal,Vehicle with vehicle collision,1,1,Going straight,Driver or rider,Female,18-30,3,Slight Injury
Thursday,31-50,Male,Above 10yr,No defect,Dry,Daylight,Normal,Vehicle with vehicle collision,2,1,Going straight,Passenger,Female,Over 51,3,Slight Injury
Thursday,Over 51,Male,,No defect,Dry,Daylight,Normal,Collision with roadside objects,2,1,Going straight,Passenger,Male,Under 18,3,Slight Injury
Friday,31-50,Male,5-10yr,No defect,Dry,Darkness - lights lit,Normal,Vehicle with vehicle collision,2,1,Other,na,na,na,na,Serious Injury
Friday,Unknown,Female,Above 10yr,No defect,Dry,Darkness - lights lit,Normal,Vehicle with vehicle collision,2,1,Going straight,Passenger,Male,Under 18,3,Serious Injury
Tuesday,18-30,Unknown,Below 1yr,No defect,Wet or damp,Darkness - lights lit,Other,Collision with roadside objects,2,3,Going straight,na,na,na,na,Slight Injury
Tuesday,31-50,Male,2-5yr,No defect,Wet or damp,Darkness - lights lit,Other,Collision with roadside objects,2,3,Going straight,Driver or rider,Male,31-50,3,Slight Injury
Tuesday,31-50,Male,2-5yr,No defect,Wet or damp,Darkness - lights lit,Other,Vehicle with vehicle collision,2,3,Going straight,na,na,na,na,Slight Injury
Tuesday,31-50,Male,5-10yr,No defect,Wet or damp,Darkness - lights lit,Other,Vehicle with vehicle collision,2,3,Going straight,Driver or rider,Female,Over 51,2,Slight Injury
Friday,31-50,Male,,No defect,Dry,Daylight,Normal,Vehicle with vehicle collision,2,2,Going straight,Driver or rider,Male,18-30,2,Serious Injury
Friday,18-30,Unknown,Below 1yr,No defect,Dry,Daylight,Normal,Vehicle with vehicle collision,2,2,U-Turn,na,na,na,na,Serious Injury
Wednesday,Over 51,Male,Above 10yr,No defect,Wet or damp,Daylight,Raining,Vehicle with vehicle collision,1,1,Moving Backward,Pedestrian,Female,Over 51,2,Slight Injury
Tuesday,Under 18,Male,Below 1yr,No defect,Wet or damp,Daylight,Normal,Vehicle with vehicle collision,1,1,U-Turn,Driver or rider,Female,18-30,3,Serious Injury
Monday,31-50,Male,5-10yr,No defect,Wet or damp,Darkness - lights unlit,Normal,Vehicle with vehicle collision,2,2,Going straight,na,na,na,na,Slight Injury
Monday,31-50,Male,5-10yr,No defect,Wet or damp,Darkness - lights unlit,Normal,Vehicle with vehicle collision,2,2,U-Turn,na,na,na,na,Slight Injury
Thursday,18-30,Male,,,Wet or damp,Daylight,Other,Vehicle with vehicle collision,2,2,Turnover,na,na,na,na,Slight Injury
Thursday,Over 51,Male,1-2yr,,Wet or damp,Daylight,Other,Vehicle with vehicle collision,2,2,Going straight,Passenger,Female,31-50,3,Slight Injury
Thursday,Over 51,Male,5-10yr,,Wet or damp,Daylight,Other,Vehicle with vehicle collision,2,2,Going straight,Driver or rider,Male,31-50,3,Slight Injury
Thursday,31-50,Unknown,5-10yr,,Wet or damp,Darkness - lights lit,Other,Vehicle with vehicle collision,1,1,Waiting to go,na,na,na,na,Slight Injury
Wednesday,Over 51,Male,5-10yr,No defect,Wet or damp,Darkness - lights lit,Windy,Vehicle with vehicle collision,2,1,Going straight,na,na,na,na,Slight Injury
Wednesday,31-50,Male,5-10yr,No defect,Wet or damp,Darkness - lights lit,Windy,Vehicle with vehicle collision,2,1,Going straight,Driver or rider,Male,31-50,3,Slight Injury
Wednesday,Over 51,Male,Above 10yr,No defect,Dry,Daylight,Normal,Vehicle with vehicle collision,1,1,Going straight,Passenger,Female,31-50,3,Fatal injury
Thursday,Over 51,Male,5-10yr,No defect,Wet or damp,Darkness - lights lit,Raining,Vehicle with vehicle collision,2,1,Going straight,Pedestrian,Female,Under 18,3,Serious Injury
Thursday,Under 18,Male,No Licence,No defect,Wet or damp,Darkness - lights lit,Raining,Vehicle with vehicle collision,2,1,Moving Backward,Driver or rider,Female,18-30,3,Serious Injury
Saturday,31-50,Male,Below 1yr,No defect,Dry,Daylight,Unknown,Vehicle with vehicle collision,2,1,Going straight,Driver or rider,Male,31-50,3,Slight Injury
Saturday,18-30,Male,5-10yr,No defect,Dry,Daylight,Unknown,Collision with roadside objects,2,1,Going straight,na,na,na,na,Slight Injury
Saturday,Unknown,Female,5-10yr,No defect,Dry,Darkness - lights lit,Normal,Vehicle with vehicle collision,1,1,Moving Backward,Driver or rider,Female,31-50,3,Slight Injury
Wednesday,Over 51,Male,5-10yr,No defect,Wet or damp,Darkness - lights lit,Unknown,Collision with pedestrians,1,1,Getting off,Driver or rider,Male,18-30,3,Serious Injury
Saturday,18-30,Male,5-10yr,No defect,Dry,Daylight,Normal,Vehicle with vehicle collision,2,3,Reversing,Driver or rider,Female,31-50,3,Slight Injury