Day_of_week,Age_band_of_driver,Sex_of_driver,Driving_experience,Defect_of_vehicle,Road_surface_conditions,Light_conditions,Weather_conditions,Type_of_collision,Number_of_vehicles_involved,Number_of_casualties,Vehicle_movement,Casualty_class,Sex_of_casualty,Age_band_of_casualty,Casualty_severity,Accident_severity
Monday,31-50,Male,5-10yr,,Dry,Daylight,Normal,Vehicle with vehicle collision,2,5,Going straight,na,na,na,na,Slight Injury
Monday,31-50,Male,2-5yr,No defect,Dry,Daylight,Normal,Collision with pedestrians,2,5,Other,na,na,na,na,Slight Injury
Monday,31-50,Male,1-2yr,,Dry,Daylight,Normal,Collision with roadside objects,2,5,Moving Backward,Driver or rider,Male,18-30,3,Slight Injury
Thursday,18-30,Male,5-10yr,,Wet or damp,Darkness - no lighting,Other,,2,1,Going straight,na,na,na,na,Slight Injury
Thursday,Over 51,Male,2-5yr,,Wet or damp,Darkness - no lighting,Other,Vehicle with vehicle collision,2,1,Other,Passenger,Male,31-50,3,Slight Injury
Wednesday,18-30,Male,5-10yr,No defect,Dry,Daylight,Normal,,2,1,Moving Backward,Driver or rider,Male,18-30,3,Serious Injury
Wednesday,31-50,Male,5-10yr,,Dry,Daylight,Normal,,2,1,Going straight,na,na,na,na,Serious Injury
Saturday,18-30,Male,2-5yr,No defect,Dry,Darkness - lights lit,Normal,,2,1,Going straight,Pedestrian,Male,18-30,3,Slight Injury
Saturday,18-30,Male,2-5yr,,Dry,Darkness - lights lit,Normal,Vehicle with vehicle collision,2,1,Moving Backward,na,na,na,na,Slight Injury
Saturday,18-30,Male,2-5yr,No defect,Dry,Darkness - lights lit,Normal,Vehicle with vehicle collision,3,6,Going straight,Driver or rider,Male,18-30,3,Slight Injury
Saturday,18-30,Male,5-10yr,No defect,Dry,Darkness - lights lit,Normal,Collision with roadside objects,3,6,Getting off,Pedestrian,Female,31-50,3,Slight Injury
Saturday,Unknown,Male,1-2yr,No defect,Dry,Darkness - lights lit,Normal,Collision with roadside objects,3,6,Going straight,Driver or rider,Female,18-30,3,Slight Injury
Saturday,Unknown,Male,2-5yr,No defect,Dry,Darkness - lights lit,Normal,Vehicle with vehicle collision,3,6,Going straight,na,na,na,na,Slight Injury
Saturday,Unknown,Male,2-5yr,No defect,Dry,Darkness - lights lit,Normal,Vehicle with vehicle collision,3,6,Moving Backward,Pedestrian,Female,Over 51,3,Slight Injury
Saturday,Unknown,Male,,No defect,Dry,Darkness - lights lit,Normal,Vehicle with vehicle collision,3,6,Going straight,Pedestrian,Female,Under 18,3,Slight Injury
Saturday,Unknown,Male,1-2yr,No defect,Dry,Darkness - lights lit,Normal,Vehicle with vehicle collision,3,6,Going straight,Driver or rider,Male,31-50,2,Slight Injury
Tuesday,Under 18,Male,Below 1yr,,Dry,Daylight,Normal,Vehicle with vehicle collision,1,1,Going straight,na,na,na,na,Serious Injury
Thursday,Over 51,Male,1-2yr,No defect,Wet or damp,Darkness - lights lit,Normal,Rollover,2,2,Going straight,Driver or rider,Male,18-30,3,Slight Injury
Thursday,18-30,Male,1-2yr,No defect,Wet or damp,Darkness - lights lit,Normal,Vehicle with vehicle collision,2,2,Going straight,na,na,na,na,Slight Injury
Monday,Over 51,Male,Above 10yr,No defect,Dry,Daylight,Normal,Collision with roadside objects,1,1,Moving Backward,na,na,na,na,Slight Injury
Wednesday,Unknown,Male,1-2yr,No defect,Dry,Daylight,Normal,Collision with pedestrians,2,1,Going straight,Driver or rider,Male,18-30,3,Slight Injury
Wednesday,18-30,Male,2-5yr,No defect,Dry,Daylight,Normal,Vehicle with vehicle collision,2,1,Going straight,Driver or rider,Male,31-50,3,Slight Injury
Friday,31-50,Male,2-5yr,,Dry,Daylight,Normal,Vehicle with vehicle collision,1,1,Moving Backward,Pedestrian,Female,31-50,3,Serious Injury
Thursday,31-50,Male,Above 10yr,No defect,Dry,Daylight,Normal,Vehicle with vehicle collision,2,1,Moving Backward,Pedestrian,Male,18-30,3,Slight Injury
Thursday,31-50,Male,5-10yr,No defect,Dry,Daylight,Normal,Vehicle with vehicle collision,2,1,Going straight,Driver or rider,Female,18-30,3,Slight Injury
Monday,Unknown,Male,1-2yr,No defect,Dry,Daylight,Normal,Vehicle with vehicle collision,1,1,Going straight,na,na,na,na,Slight Injury
Friday,Under 18,Male,5-10yr,No defect,Dry,Daylight,Normal,Vehicle with vehicle collision,2,1,Going straight,Pedestrian,Male,Under 18,3,Slight Injury
Friday,31-50,Male,2-5yr,No defect,Dry,Daylight,Normal,Vehicle with vehicle collision,2,1,Going straight,Pedestrian,Male,31-50,3,Slight Injury
Saturday,Unknown,Male,1-2yr,No defect,Dry,Daylight,Normal,Collision with roadside objects,2,1,Going straight,Pedestrian,Male,31-50,3,Slight Injury
Saturday,Over 51,Male,Above 10yr,No defect,Dry,Daylight,Normal,Rollover,2,1,Going straight,Pedestrian,Female,Over 51,3,Slight Injury
Sunday,Unknown,Female,2-5yr,No defect,Dry,Darkness - lights lit,Normal,Vehicle with vehicle collision,2,1,Going straight,Passenger,Female,31-50,3,Slight Injury
Sunday,Under 18,Unknown,5-10yr,No defect,Dry,Darkness - lights lit,Normal,Collision with pedestrians,2,1,Going straight,Driver or rider,Male,18-30,3,Slight Injury
Wednesday,31-50,Male,1-2yr,No defect,Dry,Daylight,Normal,Vehicle with vehicle collision,4,2,Going straight,na,na,na,na,Slight Injury
Wednesday,Under 18,Male,,No defect,Dry,Daylight,Normal,Vehicle with vehicle collision,4,2,Going straight,Driver or rider,Male,31-50,3,Slight Injury
Wednesday,Over 51,Male,,No defect,Dry,Daylight,Normal,Collision with pedestrians,4,2,Other,na,na,na,na,Slight Injury
Wednesday,Unknown,Unknown,5-10yr,No defect,Dry,Daylight,Normal,Collision with pedestrians,4,2,Going straight,Driver or rider,Male,18-30,3,Slight Injury
Thursday,Unknown,Male,2-5yr,No defect,Dry,Daylight,Normal,Vehicle with vehicle collision,2,1,Reversing,na,na,na,na,Slight Injury
Thursday,Under 18,Male,5-10yr,No defect,Dry,Daylight,Normal,Vehicle with vehicle collision,2,1,Going straight,Driver or rider,Male,18-30,3,Slight Injury
Friday,Over 51,Male,2-5yr,No defect,Dry,Daylight,Normal,Vehicle with vehicle collision,2,1,Reversing,na,na,na,na,Slight Injury
Friday,31-50,Male,1-2yr,No defect,Dry,Daylight,Normal,Vehicle with vehicle collision,2,1,Going straight,Driver or rider,Male,31-50,3,Slight Injury
Thursday,31-50,Male,1-2yr,,Dry,Darkness - lights lit,Normal,Vehicle with vehicle collision,2,2,Reversing,na,na,na,na,Slight Injury
Thursday,18-30,Male,5-10yr,,Dry,Darkness - lights lit,Normal,Collision with roadside objects,2,2,,Driver or rider,Male,31-50,3,Slight Injury
Saturday,Over 51,Male,unknown,No defect,Dry,Daylight,Unknown,Vehicle with vehicle collision,1,1,Going straight,na,na,na,na,Slight Injury
Sunday,Unknown,Male,5-10yr,No defect,Dry,Daylight,Normal,Vehicle with vehicle collision,2,3,Reversing,Pedestrian,Female,31-50,3,Slight Injury
Sunday,18-30,Male,1-2yr,No defect,Dry,Daylight,Normal,Vehicle with vehicle collision,2,3,Other,na,na,na,na,Slight Injury
Sunday,18-30,Male,2-5yr,,Dry,Daylight,Normal,Vehicle with vehicle collision,2,3,Going straight,Driver or rider,Male,18-30,3,Slight Injury
Sunday,18-30,Male,Above 10yr,No defect,Dry,Daylight,Normal,Vehicle with vehicle collision,2,3,Going straight,Passenger,Female,Over 51,3,Slight Injury
Thursday,18-30,Male,5-10yr,No defect,Dry,Daylight,Normal,Vehicle with vehicle collision,4,2,Going straight,Passenger,Female,Under 18,3,Slight Injury
Thursday,31-50,Male,1-2yr,No defect,Dry,Daylight,Normal,Vehicle with vehicle collision,4,2,Moving Backward,Driver or rider,Male,18-30,3,Slight Injury
Thursday,Over 51,Male,Above 10yr,No defect,Dry,Daylight,Normal,Vehicle with vehicle collision,4,2,Going straight,na,na,na,na,Slight Injury
Thursday,18-30,Male,1-2yr,No defect,Dry,Daylight,Normal,Vehicle with vehicle collision,4,2,Going straight,Driver or rider,Male,18-30,3,Slight Injury
Friday,Unknown,Female,2-5yr,No defect,Dry,Darkness - lights lit,Normal,Vehicle with vehicle collision,1,1,Going straight,Passenger,Female,31-50,3,Slight Injury
Tuesday,Unknown,Male,Above 10yr,No defect,Dry,Daylight,Normal,Vehicle with vehicle collision,1,1,Going straight,Pedestrian,Female,31-50,3,Slight Injury
Thursday,31-50,Male,2-5yr,No defect,Dry,Daylight,Normal,Vehicle with vehicle collision,2,2,Other,Driver or rider,Male,18-30,3,Slight Injury
Thursday,Unknown,Male,5-10yr,No defect,Dry,Daylight,Normal,Vehicle with vehicle collision,2,2,,Pedestrian,Female,Under 18,3,Slight Injury
Thursday,Unknown,Male,,,Dry,Daylight,Normal,Vehicle with vehicle collision,2,2,Going straight,Passenger,Male,Over 51,3,Slight Injury
Friday,Unknown,Female,1-2yr,7,Dry,Daylight,Normal,Vehicle with vehicle collision,1,1,Turnover,Passenger,Female,Over 51,3,Slight Injury
Wednesday,31-50,Male,5-10yr,,Dry,Daylight,Normal,Collision with roadside objects,1,1,Going straight,Driver or rider,Male,18-30,3,Slight Injury
Wednesday,Under 18,Male,5-10yr,5,Wet or damp,Daylight,Normal,Vehicle with vehicle collision,2,1,Moving Backward,Passenger,Male,18-30,3,Slight Injury
Wednesday,18-30,Male,1-2yr,No defect,Wet or damp,Daylight,Normal,Vehicle with vehicle collision,2,1,Moving Backward,na,na,na,na,Slight Injury
Saturday,Unknown,Male,5-10yr,No defect,Dry,Daylight,Normal,Vehicle with vehicle collision,2,1,Going straight,Driver or rider,Male,18-30,3,Slight Injury
Saturday,Under 18,Male,5-10yr,No defect,Dry,Daylight,Normal,Vehicle with vehicle collision,2,1,Other,na,na,na,na,Slight Injury
Sunday,Unknown,Male,2-5yr,,Dry,Daylight,Normal,Collision with pedestrians,2,1,Going straight,na,na,na,na,Slight Injury
Sunday,18-30,Male,1-2yr,,Dry,Daylight,Normal,Vehicle with vehicle collision,2,1,Going straight,Driver or rider,Male,31-50,3,Slight Injury
Monday,18-30,Male,5-10yr,No defect,Dry,Daylight,Normal,Vehicle with vehicle collision,1,1,Going straight,Driver or rider,Male,18-30,3,Serious Injury
Tuesday,Unknown,Male,Below 1yr,,Wet or damp,Darkness - lights unlit,Windy,Vehicle with vehicle collision,1,1,Going straight,na,na,na,na,Slight Injury
Tuesday,18-30,Male,5-10yr,,Wet or damp,Daylight,Normal,Vehicle with vehicle collision,3,1,Going straight,Driver or rider,Male,18-30,3,Slight Injury
Tuesday,Over 51,Male,5-10yr,,Wet or damp,Daylight,Normal,Vehicle with vehicle collision,3,1,Going straight,na,na,na,na,Slight Injury
Tuesday,18-30,Male,5-10yr,No defect,Wet or damp,Daylight,Normal,Vehicle with vehicle collision,3,1,Going straight,Driver or rider,Male,18-30,3,Slight Injury
Sunday,18-30,Male,5-10yr,No defect,Dry,Daylight,Normal,Vehicle with vehicle collision,2,1,Going straight,na,na,na,na,Slight Injury
Sunday,Under 18,Male,2-5yr,No defect,Dry,Daylight,Normal,Vehicle with vehicle collision,2,1,Other,Driver or rider,Male,18-30,3,Slight Injury
Sunday,18-30,Male,5-10yr,,Wet or damp,Darkness - lights lit,Normal,Collision with pedestrians,1,2,Going straight,na,na,na,na,Serious Injury
Sunday,18-30,Male,Above 10yr,,Wet or damp,Darkness - lights lit,Normal,Vehicle with vehicle collision,1,2,Overtaking,Driver or rider,Male,31-50,3,Serious Injury
Monday,Over 51,Male,Below 1yr,,Wet or damp,Daylight,Windy,Vehicle with vehicle collision,2,1,Going straight,Pedestrian,Male,31-50,3,Slight Injury
Monday,31-50,Male,5-10yr,No defect,Wet or damp,Daylight,Windy,Vehicle with vehicle collision,2,1,Going straight,Driver or rider,Male,31-50,3,Slight Injury
Saturday,18-30,Male,2-5yr,No defect,Dry,Daylight,Normal,Vehicle with vehicle collision,2,3,Going straight,Pedestrian,Female,Over 51,3,Serious Injury
Saturday,31-50,Male,2-5yr,No defect,Dry,Daylight,Normal,Collision with roadside objects,2,3,U-Turn,Driver or rider,Female,18-30,3,Serious Injury
Saturday,31-50,Male,1-2yr,No defect,Dry,Daylight,Normal,Vehicle with vehicle collision,2,3,Going straight,na,na,na,na,Serious Injury
Tuesday,Unknown,Female,2-5yr,No defect,Dry,Daylight,Normal,Vehicle with vehicle collision,2,1,Going straight,Driver or rider,Male,31-50,3,Slight Injury
Tuesday,18-30,Male,2-5yr,No defect,Dry,Daylight,Normal,Vehicle with vehicle collision,2,1,Going straight,na,na,na,na,Slight Injury
Friday,18-30,Male,Above 10yr,,Dry,Daylight,Normal,Vehicle with vehicle collision,2,1,Going straight,Driver or rider,Male,18-30,3,Slight Injury
Friday,Over 51,Male,Below 1yr,,Dry,Daylight,Normal,Vehicle with vehicle collision,2,1,Turnover,na,na,na,na,Slight Injury
Friday,Over 51,Male,2-5yr,No defect,Wet or damp,Darkness - lights lit,Normal,Vehicle with vehicle collision,2,1,Going straight,na,na,na,na,Slight Injury
Friday,31-50,Male,Above 10yr,No defect,Wet or damp,Darkness - lights lit,Normal,Vehicle with vehicle collision,2,1,Going straight,Driver or rider,Male,Under 18,3,Slight Injury
Tuesday,Under 18,Male,Above 10yr,No defect,Wet or damp,Daylight,Raining,Collision with roadside objects,3,1,Moving Backward,Driver or rider,Male,18-30,3,Slight Injury
Tuesday,18-30,Male,5-10yr,No defect,Wet or damp,Daylight,Raining,Vehicle with vehicle collision,3,1,Going straight,Driver or rider,Male,18-30,3,Slight Injury
Tuesday,18-30,Male,Above 10yr,,Wet or damp,Daylight,Raining,Vehicle with vehicle collision,3,1,Moving Backward,Driver or rider,Female,31-50,2,Slight Injury
Sunday,Unknown,Female,1-2yr,,Dry,Daylight,Unknown,Vehicle with vehicle collision,1,1,Going straight,Driver or rider,Male,31-50,3,Slight Injury
Thursday,Unknown,Female,2-5yr,No defect,Dry,Daylight,Normal,Vehicle with vehicle collision,2,1,Going straight,na,na,na,na,Slight Injury
Thursday,31-50,Male,2-5yr,No defect,Dry,Daylight,Normal,Rollover,2,1,Going straight,Driver or rider,Male,18-30,3,Slight Injury
Monday,18-30,Male,5-10yr,No defect,Wet or damp,Daylight,Normal,Vehicle with vehicle collision,2,3,Going straight,Driver or rider,Male,Under 18,3,Serious Injury
Monday,18-30,Male,5-10yr,,Wet or damp,Daylight,Normal,Vehicle with vehicle collision,2,3,U-Turn,na,na,na,na,Serious Injury
Monday,31-50,Male,5-10yr,,Wet or damp,Daylight,Normal,Collision with roadside objects,2,3,Going straight,na,na,na,na,Serious Injury
Thursday,31-50,Male,Above 10yr,,Dry,Daylight,Normal,Vehicle with vehicle collision,1,1,Going straight,Driver or rider,Male,18-30,3,Serious Injury
Friday,31-50,Male,Below 1yr,,Wet or damp,Darkness - lights lit,Normal,Vehicle with vehicle collision,3,1,Going straight,Driver or rider,Male,31-50,3,Slight Injury
Friday,Over 51,Male,Below 1yr,No defect,Wet or damp,Darkness - lights lit,Normal,Vehicle with vehicle collision,3,1,Going straight,Pedestrian,Female,18-30,3,Slight Injury
Friday,31-50,Male,Above 10yr,No defect,Wet or damp,Darkness - lights lit,Normal,Collision with roadside objects,3,1,Going straight,na,na,na,na,Slight Injury
Friday,18-30,Male,5-10yr,No defect,Wet or damp,Darkness - lights lit,Normal,Collision with roadside objects,3,1,Going straight,Driver or rider,Male,31-50,3,Slight Injury
Friday,31-50,Male,5-10yr,No defect,Wet or damp,Darkness - lights lit,Normal,Vehicle with vehicle collision,3,1,Stopping,Pedestrian,Female,Under 18,3,Slight Injury
Thursday,Unknown,Female,2-5yr,No defect,Wet or damp,Daylight,Raining,Vehicle with vehicle collision,2,1,Turnover,Driver or rider,Female,Over 51,3,Slight Injury
Thursday,31-50,Male,2-5yr,,Wet or damp,Daylight,Raining,Collision with roadside objects,2,1,Getting off,na,na,na,na,Slight Injury
Saturday,31-50,Male,5-10yr,No defect,Dry,Darkness - lights lit,Normal,Collision with roadside objects,2,2,Moving Backward,Pedestrian,Female,Over 51,3,Slight Injury
Saturday,31-50,Male,2-5yr,,Dry,Darkness - lights lit,Normal,Vehicle with vehicle collision,2,2,Moving Backward,Pedestrian,Female,Under 18,3,Slight Injury
Saturday,18-30,Male,,,Dry,Daylight,Normal,Vehicle with vehicle collision,1,1,Going straight,Driver or rider,Female,18-30,3,Slight Injury
Saturday,18-30,Male,2-5yr,,Dry,Daylight,Normal,Vehicle with vehicle collision,3,5,Turnover,na,na,na,na,Serious Injury
Saturday,18-30,Male,5-10yr,,Dry,Daylight,Normal,Collision with roadside objects,3,5,Going straight,na,na,na,na,Serious Injury
Saturday,18-30,Male,2-5yr,No defect,Dry,Daylight,Normal,Vehicle with vehicle collision,3,5,Going straight,Pedestrian,Male,18-30,3,Serious Injury
Saturday,18-30,Male,1-2yr,No defect,Dry,Daylight,Normal,Vehicle with vehicle collision,3,5,U-Turn,na,na,na,na,Serious Injury
Saturday,18-30,Male,,No defect,Dry,Daylight,Normal,Vehicle with vehicle collision,3,5,Going straight,Driver or rider,Male,18-30,3,Serious Injury
Saturday,Unknown,Male,1-2yr,No defect,Dry,Daylight,Normal,Rollover,3,5,Going straight,na,na,na,na,Serious Injury
Saturday,Unknown,Male,2-5yr,,Dry,Daylight,Normal,Vehicle with vehicle collision,3,5,U-Turn,Driver or rider,Male,Over 51,3,Serious Injury
Saturday,18-30,Male,1-2yr,No defect,Dry,Daylight,Normal,Vehicle with vehicle collision,2,2,Stopping,Driver or rider,Male,31-50,3,Slight Injury
Saturday,Over 51,Male,Above 10yr,No defect,Dry,Daylight,Normal,Collision with pedestrians,2,2,Going straight,na,na,na,na,Slight Injury
Monday,18-30,Male,2-5yr,No defect,Dry,Daylight,Normal,Vehicle with vehicle collision,2,1,Moving Backward,Driver or rider,Male,18-30,2,Slight Injury
Monday,Under 18,Male,2-5yr,No defect,Dry,Daylight,Normal,Vehicle with vehicle collision,2,1,Getting off,Driver or rider,Female,18-30,3,Slight Injury
Monday,31-50,Male,2-5yr,,Dry,Daylight,Normal,Vehicle with vehicle collision,2,1,Going straight,Passenger,Female,31-50,3,Slight Injury
Monday,Unknown,Male,2-5yr,,Dry,Daylight,Normal,Vehicle with vehicle collision,2,1,Going straight,na,na,na,na,Slight Injury
Sunday,Under 18,Male,2-5yr,,Wet or damp,Daylight,Normal,Collision with roadside objects,2,2,Turnover,Driver or rider,Male,Over 51,3,Slight Injury
Sunday,31-50,Male,2-5yr,,Wet or damp,Daylight,Normal,Vehicle with vehicle collision,2,2,Moving Backward,na,na,na,na,Slight Injury
Sunday,31-50,Male,5-10yr,,Wet or damp,Daylight,Normal,Vehicle with vehicle collision,2,2,Going straight,Driver or rider,Male,18-30,3,Slight Injury
Tuesday,18-30,Male,2-5yr,,Dry,Daylight,Normal,Vehicle with vehicle collision,2,1,Moving Backward,Driver or rider,Male,31-50,3,Slight Injury
Tuesday,Under 18,Male,Above 10yr,,Dry,Daylight,Normal,Vehicle with vehicle collision,2,1,Going straight,na,na,na,na,Slight Injury
Saturday,Unknown,Male,Above 10yr,,Dry,Darkness - lights lit,Unknown,Collision with roadside objects,2,2,,Driver or rider,Male,18-30,3,Slight Injury
Saturday,31-50,Male,Above 10yr,,Dry,Darkness - lights lit,Unknown,Vehicle with vehicle collision,2,2,Going straight,Driver or rider,Male,18-30,3,Slight Injury
Saturday,31-50,Male,5-10yr,,Dry,Darkness - lights lit,Unknown,Collision with roadside objects,2,2,,Driver or rider,Male,31-50,2,Slight Injury
Friday,Under 18,Male,2-5yr,,Dry,Daylight,Normal,Vehicle with vehicle collision,2,1,Going straight,Driver or rider,Male,18-30,3,Serious Injury
Friday,Over 51,Male,1-2yr,No defect,Dry,Daylight,Normal,Rollover,2,1,,na,na,na,na,Serious Injury
Wednesday,31-50,Male,2-5yr,,Dry,Daylight,Normal,Vehicle with vehicle collision,2,2,Going straight,Driver or rider,Male,31-50,3,Slight Injury
Wednesday,Under 18,Male,5-10yr,No defect,Dry,Daylight,Normal,Vehicle with vehicle collision,2,2,Going straight,Driver or rider,Male,18-30,3,Slight Injury
Wednesday,Under 18,Male,,No defect,Dry,Daylight,Normal,Vehicle with vehicle collision,2,2,Going straight,Pedestrian,Male,Under 18,3,Slight Injury
Saturday,Unknown,Male,5-10yr,No defect,Dry,Daylight,Normal,Vehicle with vehicle collision,2,1,Going straight,na,na,na,na,Slight Injury
Saturday,18-30,Male,Above 10yr,,Dry,Daylight,Normal,Vehicle with vehicle collision,2,1,Going straight,Passenger,Female,Over 51,3,Slight Injury
Friday,Unknown,Male,Above 10yr,,Wet or damp,Daylight,Normal,Collision with pedestrians,2,1,Other,na,na,na,na,Slight Injury
Friday,31-50,Male,1-2yr,,Wet or damp,Daylight,Normal,Rollover,2,1,Other,Driver or rider,Male,Under 18,3,Slight Injury
Monday,18-30,Male,,No defect,Dry,Daylight,Normal,Vehicle with vehicle collision,3,3,Going straight,na,na,na,na,Slight Injury
Monday,Under 18,Male,2-5yr,No defect,Dry,Daylight,Normal,Rollover,3,3,Going straight,Driver or rider,Male,31-50,3,Slight Injury
Monday,Under 18,Male,5-10yr,No defect,Dry,Daylight,Normal,Vehicle with vehicle collision,3,3,Getting off,Passenger,Female,5,3,Slight Injury
Monday,31-50,Male,2-5yr,,Dry,Daylight,Normal,Vehicle with vehicle collision,3,3,Going straight,Passenger,Male,5,3,Slight Injury
Friday,Under 18,Male,Above 10yr,No defect,Dry,Daylight,Normal,Vehicle with vehicle collision,2,1,Going straight,na,na,na,na,Slight Injury
Friday,Over 51,Male,5-10yr,,Dry,Daylight,Normal,Fall from vehicles,2,1,Going straight,Driver or rider,Male,18-30,3,Slight Injury
Monday,Unknown,Female,5-10yr,,Dry,Daylight,Normal,Vehicle with vehicle collision,2,1,Going straight,na,na,na,na,Slight Injury
Monday,18-30,Male,1-2yr,,Dry,Daylight,Normal,Collision with roadside objects,2,1,Going straight,Driver or rider,Female,18-30,3,Slight Injury
Saturday,31-50,Male,Above 10yr,,Dry,Daylight,Normal,Vehicle with vehicle collision,2,1,Getting off,na,na,na,na,Slight Injury
Saturday,31-50,Male,5-10yr,,Dry,Daylight,Normal,Vehicle with vehicle collision,2,1,Going straight,na,na,na,na,Slight Injury
Monday,31-50,Male,2-5yr,,Dry,Daylight,Normal,Vehicle with vehicle collision,1,1,Going straight,Driver or rider,Male,18-30,3,Slight Injury
Monday,Unknown,Male,2-5yr,,Wet or damp,Daylight,Raining,Collision with pedestrians,2,1,Other,Pedestrian,Male,Over 51,3,Slight Injury
Monday,18-30,Male,5-10yr,No defect,Wet or damp,Daylight,Raining,Vehicle with vehicle collision,2,1,Going straight,Driver or rider,Male,Over 51,3,Slight Injury
Wednesday,Unknown,Male,1-2yr,,Dry,Daylight,Normal,Vehicle with vehicle collision,2,1,Going straight,Passenger,Female,Over 51,3,Slight Injury
Wednesday,18-30,Male,5-10yr,,Dry,Daylight,Normal,Vehicle with vehicle collision,2,1,Going straight,na,na,na,na,Slight Injury
Friday,Over 51,Male,5-10yr,No defect,Dry,Daylight,Normal,Rollover,1,1,Going straight,Driver or rider,Male,18-30,3,Slight Injury
Friday,Over 51,Male,5-10yr,,Dry,Daylight,Normal,Collision with roadside objects,1,1,Going straight,na,na,na,na,Slight Injury
Sunday,18-30,Male,Above 10yr,,Wet or damp,Daylight,Raining,Vehicle with vehicle collision,2,1,Reversing,Driver or rider,Male,18-30,3,Serious Injury
Sunday,31-50,Male,2-5yr,,Wet or damp,Daylight,Raining,Vehicle with vehicle collision,2,1,Other,Driver or rider,Male,Over 51,2,Serious Injury
Friday,18-30,Male,5-10yr,,Dry,Daylight,Normal,Collision with roadside objects,3,1,Going straight,na,na,na,na,Slight Injury
Friday,Under 18,Male,,,Dry,Daylight,Normal,Vehicle with vehicle collision,3,1,Going straight,Driver or rider,Male,31-50,3,Slight Injury
Friday,31-50,Male,5-10yr,,Dry,Daylight,Normal,Vehicle with vehicle collision,3,1,Going straight,na,na,na,na,Slight Injury
Thursday,18-30,Male,,,Wet or damp,Daylight,Raining,Vehicle with vehicle collision,1,1,Going straight,Driver or rider,Male,5,3,Serious Injury
Monday,31-50,Male,,,Wet or damp,Darkness - lights lit,Normal,Rollover,2,1,Going straight,na,na,na,na,Slight Injury
Monday,31-50,Male,1-2yr,,Wet or damp,Darkness - lights lit,Normal,Rollover,2,1,Going straight,Driver or rider,Male,Under 18,3,Slight Injury
Friday,18-30,Male,5-10yr,,Wet or damp,Daylight,Raining,Collision with pedestrians,1,1,Going straight,na,na,na,na,Slight Injury
Friday,Unknown,Male,2-5yr,,Wet or damp,Daylight,Raining,Vehicle with vehicle collision,2,1,Going straight,Driver or rider,Male,18-30,3,Slight Injury
Friday,31-50,Male,5-10yr,No defect,Wet or damp,Daylight,Raining,Vehicle with vehicle collision,2,1,Going straight,Driver or rider,Male,18-30,3,Slight Injury
Sunday,18-30,Male,2-5yr,,Dry,Daylight,Normal,Vehicle with vehicle collision,2,1,Moving Backward,Pedestrian,Male,18-30,2,Slight Injury
Sunday,31-50,Male,Above 10yr,No defect,Dry,Daylight,Normal,Collision with pedestrians,2,1,Moving Backward,Pedestrian,Female,Under 18,2,Slight Injury
Tuesday,18-30,Male,Below 1yr,No defect,Dry,Daylight,Normal,Collision with pedestrians,2,2,Turnover,Pedestrian,Female,18-30,3,Slight Injury
Tuesday,Unknown,Male,Below 1yr,,Dry,Daylight,Normal,Vehicle with vehicle collision,2,2,Other,na,na,na,na,Slight Injury
Wednesday,Unknown,Male,,,Dry,Daylight,Normal,Vehicle with vehicle collision,1,1,Other,Driver or rider,Male,Under 18,3,Slight Injury
Saturday,18-30,Male,2-5yr,No defect,Dry,Darkness - lights lit,Normal,Vehicle with vehicle collision,1,1,Going straight,Pedestrian,Female,Under 18,3,Slight Injury
Saturday,Unknown,Male,,7,Dry,Daylight,Normal,Collision with roadside objects,3,2,Going straight,Pedestrian,Male,5,3,Slight Injury
Saturday,18-30,Male,No Licence,7,Dry,Daylight,Normal,Vehicle with vehicle collision,3,2,Other,Pedestrian,Female,31-50,3,Slight Injury
Saturday,18-30,Male,Above 10yr,No defect,Dry,Daylight,Normal,Collision with roadside objects,3,2,Other,Driver or rider,Male,18-30,3,Slight Injury
Saturday,Unknown,Male,Above 10yr,No defect,Dry,Daylight,Normal,Vehicle with vehicle collision,3,2,Going straight,na,na,na,na,Slight Injury
Saturday,Unknown,Male,Above 10yr,No defect,Dry,Daylight,Normal,Vehicle with vehicle collision,1,1,Reversing,Driver or rider,Male,18-30,3,Slight Injury
Saturday,31-50,Male,Above 10yr,No defect,Dry,Daylight,Normal,Collision with roadside objects,1,1,Other,na,na,na,na,Slight Injury
Friday,Over 51,Male,5-10yr,No defect,Dry,Daylight,Normal,Vehicle with vehicle collision,2,1,Turnover,Driver or rider,Male,18-30,3,Slight Injury
Friday,31-50,Male,Below 1yr,,Dry,Daylight,Normal,Vehicle with vehicle collision,2,1,Going straight,Driver or rider,Male,18-30,3,Slight Injury
Monday,18-30,Male,2-5yr,,Dry,Daylight,Normal,Collision with roadside objects,2,1,Going straight,na,na,na,na,Slight Injury
Monday,31-50,Male,,No defect,Dry,Daylight,Normal,Collision with roadside objects,2,1,Going straight,Driver or rider,Male,18-30,3,Slight Injury
Wednesday,31-50,Male,1-2yr,,Dry,Daylight,Normal,Vehicle with vehicle collision,2,1,Going straight,na,na,na,na,Slight Injury
Wednesday,18-30,Male,1-2yr,,Dry,Daylight,Normal,Vehicle with vehicle collision,2,1,Going straight,Driver or rider,Female,Over 51,3,Slight Injury
Saturday,31-50,Male,1-2yr,,Dry,Daylight,Normal,Vehicle with vehicle collision,2,1,Going straight,na,na,na,na,Slight Injury
Saturday,18-30,Male,5-10yr,,Dry,Daylight,Normal,Vehicle with vehicle collision,2,1,Going straight,Driver or rider,Male,31-50,3,Slight Injury