Day_of_week,Age_band_of_driver,Sex_of_driver,Driving_experience,Defect_of_vehicle,Road_surface_conditions,Light_conditions,Weather_conditions,Type_of_collision,Number_of_vehicles_involved,Number_of_casualties,Vehicle_movement,Casualty_class,Sex_of_casualty,Age_band_of_casualty,Casualty_severity,Accident_severity
Sunday,18-30,Male,Below 1yr,No defect,Dry,Daylight,Normal,Vehicle with vehicle collision,2,3,Going straight,Driver or rider,Female,18-30,3,Slight Injury
Sunday,18-30,Male,Below 1yr,,Dry,Daylight,Normal,Vehicle with vehicle collision,2,3,Other,Driver or rider,Male,18-30,3,Slight Injury
Sunday,18-30,Male,Below 1yr,,Dry,Daylight,Normal,Vehicle with vehicle collision,2,3,Going straight,na,na,na,na,Slight Injury
Sunday,18-30,Male,1-2yr,No defect,Dry,Daylight,Normal,Vehicle with vehicle collision,2,3,Going straight,Pedestrian,Female,18-30,3,Slight Injury
Monday,18-30,Male,5-10yr,No defect,Dry,Darkness - lights lit,Normal,Vehicle with vehicle collision,2,1,Going straight,na,na,na,na,Slight Injury
Monday,18-30,Male,2-5yr,,Dry,Darkness - lights lit,Normal,Vehicle with vehicle collision,2,1,Going straight,Driver or rider,Male,18-30,3,Slight Injury
Monday,Unknown,Male,Below 1yr,No defect,Dry,Darkness - lights lit,Normal,Vehicle with vehicle collision,2,1,Going straight,na,na,na,na,Slight Injury
Monday,18-30,Male,5-10yr,No defect,Dry,Darkness - lights lit,Normal,Vehicle with vehicle collision,2,1,Going straight,Passenger,Female,18-30,3,Slight Injury
Tuesday,Unknown,Male,5-10yr,No defect,Dry,Daylight,Normal,Vehicle with vehicle collision,4,2,Going straight,na,na,na,na,Slight Injury
Tuesday,18-30,Male,5-10yr,,Dry,Daylight,Normal,Vehicle with vehicle collision,4,2,Going straight,na,na,na,na,Slight Injury
Tuesday,18-30,Male,2-5yr,No defect,Dry,Daylight,Normal,Vehicle with vehicle collision,4,2,Going straight,Driver or rider,Male,18-30,3,Slight Injury
Tuesday,31-50,Male,Above 10yr,No defect,Dry,Daylight,Normal,Collision with roadside objects,4,2,Moving Backward,Pedestrian,Male,31-50,3,Slight Injury
Thursday,Unknown,Male,5-10yr,,Dry,Daylight,Normal,Vehicle with vehicle collision,2,1,Going straight,Passenger,Male,Under 18,3,Slight Injury
Thursday,Under 18,Male,Above 10yr,No defect,Dry,Daylight,Normal,Vehicle with vehicle collision,2,1,Going straight,Driver or rider,Male,18-30,3,Slight Injury
Thursday,Over 51,Male,2-5yr,No defect,Dry,Daylight,Normal,Vehicle with vehicle collision,2,1,Going straight,na,na,na,na,Slight Injury
Thursday,31-50,Male,Below 1yr,No defect,Dry,Daylight,Normal,Vehicle with vehicle collision,2,1,Going straight,Driver or rider,Male,18-30,3,Slight Injury
Friday,Over 51,Male,Below 1yr,,Dry,Daylight,Normal,Collision with pedestrians,2,1,Moving Backward,Driver or rider,Male,18-30,3,Slight Injury
Friday,31-50,Male,5-10yr,,Dry,Daylight,Normal,Vehicle with vehicle collision,2,1,Going straight,Passenger,Male,31-50,3,Slight Injury
Friday,18-30,Male,2-5yr,,Dry,Daylight,Normal,Vehicle with vehicle collision,2,2,Other,Passenger,Male,31-50,3,Slight Injury
Friday,31-50,Male,Below 1yr,No defect,Dry,Daylight,Normal,Vehicle with vehicle collision,2,2,Other,na,na,na,na,Slight Injury
Sunday,18-30,Male,2-5yr,No defect,Dry,Darkness - lights lit,Normal,Vehicle with vehicle collision,2,1,Going straight,Passenger,Female,31-50,3,Serious Injury
Sunday,18-30,Male,5-10yr,No defect,Dry,Darkness - lights lit,Normal,Vehicle with vehicle collision,2,1,Going straight,Driver or rider,Male,31-50,3,Serious Injury
Thursday,31-50,Male,Above 10yr,No defect,Dry,Daylight,Normal,Vehicle with vehicle collision,1,1,Going straight,na,na,na,na,Slight Injury
Monday,Under 18,Male,Above 10yr,No defect,Dry,Daylight,Normal,Vehicle with vehicle collision,1,2,Going straight,Driver or rider,Male,31-50,2,Slight Injury
Monday,Under 18,Male,5-10yr,,Dry,Daylight,Normal,Vehicle with vehicle collision,1,2,Other,Driver or rider,Male,31-50,3,Slight Injury
Saturday,Unknown,Male,1-2yr,No defect,Dry,Daylight,Normal,Collision with pedestrians,2,1,Going straight,na,na,na,na,Slight Injury
Saturday,18-30,Male,5-10yr,,Dry,Daylight,Normal,Vehicle with vehicle collision,2,1,Getting off,Driver or rider,Male,31-50,3,Slight Injury
Saturday,18-30,Male,5-10yr,No defect,Dry,Daylight,Normal,Vehicle with vehicle collision,1,1,Going straight,Driver or rider,Female,31-50,3,Slight Injury
Wednesday,Over 51,Male,1-2yr,No defect,Dry,Daylight,Normal,Vehicle with vehicle collision,2,1,Going straight,na,na,na,na,Serious Injury
Wednesday,18-30,Male,5-10yr,No defect,Dry,Daylight,Normal,Vehicle with vehicle collision,2,1,Going straight,Driver or rider,Male,31-50,3,Serious Injury
Thursday,18-30,Male,Above 10yr,No defect,Dry,Daylight,Other,Collision with roadside objects,2,1,Going straight,Pedestrian,Female,5,3,Slight Injury
Thursday,18-30,Male,Below 1yr,,Dry,Daylight,Other,Vehicle with vehicle collision,2,1,Going straight,Driver or rider,Male,31-50,3,Slight Injury
Thursday,Unknown,Female,5-10yr,No defect,Dry,Daylight,Normal,Vehicle with vehicle collision,2,1,Going straight,na,na,na,na,Slight Injury
Thursday,18-30,Male,Above 10yr,No defect,Dry,Daylight,Normal,Vehicle with vehicle collision,2,1,Moving Backward,na,na,na,na,Slight Injury
Tuesday,31-50,Male,Below 1yr,,Dry,Daylight,Normal,Vehicle with vehicle collision,2,1,Going straight,Driver or rider,Male,18-30,3,Slight Injury
Tuesday,18-30,Male,1-2yr,,Dry,Daylight,Normal,Vehicle with vehicle collision,2,1,Other,na,na,na,na,Slight Injury
Friday,Over 51,Male,Above 10yr,No defect,Dry,Daylight,Normal,Vehicle with vehicle collision,2,1,Going straight,Driver or rider,Male,31-50,3,Slight Injury
Friday,31-50,Male,Above 10yr,No defect,Dry,Daylight,Normal,Vehicle with vehicle collision,2,1,Going straight,na,na,na,na,Slight Injury
Tuesday,31-50,Male,Above 10yr,No defect,Dry,Darkness - lights lit,Normal,Collision with roadside objects,7,1,Going straight,na,na,na,na,Slight Injury
Tuesday,Unknown,Female,No Licence,No defect,Dry,Darkness - lights lit,Normal,Vehicle with vehicle collision,7,1,Going straight,na,na,na,na,Slight Injury
Tuesday,Unknown,Male,1-2yr,No defect,Dry,Darkness - lights lit,Normal,Vehicle with vehicle collision,7,1,,Passenger,Male,18-30,3,Slight Injury
Tuesday,Unknown,Male,1-2yr,No defect,Dry,Darkness - lights lit,Normal,Vehicle with vehicle collision,7,1,Moving Backward,na,na,na,na,Slight Injury
Tuesday,Unknown,Male,Below 1yr,No defect,Dry,Darkness - lights lit,Normal,Vehicle with vehicle collision,7,1,,Pedestrian,Female,Over 51,2,Slight Injury
Tuesday,Unknown,Male,1-2yr,No defect,Dry,Darkness - lights lit,Normal,Rollover,7,1,Going straight,Pedestrian,Female,18-30,3,Slight Injury
Tuesday,Unknown,Female,2-5yr,No defect,Dry,Darkness - lights lit,Normal,Vehicle with vehicle collision,7,1,Going straight,Pedestrian,Male,18-30,3,Slight Injury
Monday,18-30,Male,5-10yr,No defect,Dry,Daylight,Normal,Vehicle with vehicle collision,2,2,,Driver or rider,Male,31-50,3,Slight Injury
Monday,Over 51,Male,Above 10yr,No defect,Dry,Daylight,Normal,Collision with roadside objects,2,2,Going straight,na,na,na,na,Slight Injury
Tuesday,31-50,Male,2-5yr,,Dry,Daylight,Normal,Vehicle with vehicle collision,3,1,Going straight,Driver or rider,Male,18-30,3,Slight Injury
Tuesday,31-50,Male,Above 10yr,,Dry,Daylight,Normal,Vehicle with vehicle collision,3,1,Going straight,Driver or rider,Male,18-30,3,Slight Injury
Tuesday,Unknown,Male,5-10yr,,Dry,Daylight,Normal,Vehicle with vehicle collision,3,1,Going straight,Driver or rider,Male,Under 18,3,Slight Injury
Friday,Unknown,Male,,No defect,Dry,Daylight,Normal,Collision with roadside objects,2,1,Going straight,Pedestrian,Female,Over 51,3,Serious Injury
Friday,Under 18,Male,5-10yr,No defect,Dry,Daylight,Normal,Collision with roadside objects,2,1,Going straight,Driver or rider,Male,31-50,3,Serious Injury
Monday,18-30,Male,Below 1yr,,Dry,Daylight,Normal,Vehicle with vehicle collision,2,1,Going straight,Pedestrian,Male,31-50,3,Slight Injury
Monday,18-30,Male,2-5yr,,Dry,Daylight,Normal,Vehicle with vehicle collision,2,1,Other,na,na,na,na,Slight Injury
Thursday,31-50,Male,2-5yr,,Dry,Daylight,Normal,Collision with roadside objects,2,2,Going straight,Driver or rider,Female,31-50,3,Serious Injury
Thursday,31-50,Male,2-5yr,,Dry,Daylight,Normal,Collision with roadside objects,2,2,Going straight,Driver or rider,Male,Over 51,3,Serious Injury
Friday,Unknown,Male,2-5yr,No defect,Dry,Daylight,Normal,Vehicle with vehicle collision,2,1,Going straight,na,na,na,na,Slight Injury
Friday,18-30,Male,5-10yr,No defect,Dry,Daylight,Normal,Vehicle with vehicle collision,2,1,Going straight,Driver or rider,Male,18-30,3,Slight Injury
Saturday,Unknown,Male,5-10yr,No defect,Dry,Daylight,Normal,Vehicle with vehicle collision,2,2,Going straight,na,na,na,na,Serious Injury
Saturday,18-30,Male,Above 10yr,No defect,Dry,Daylight,Normal,Collision with roadside objects,2,2,Going straight,na,na,na,na,Serious Injury
Saturday,18-30,Male,5-10yr,No defect,Dry,Daylight,Normal,Vehicle with vehicle collision,2,2,Moving Backward,Driver or rider,Male,31-50,3,Serious Injury
Friday,Unknown,Male,5-10yr,,Dry,Daylight,Normal,Collision with roadside-parked vehicles,1,1,Going straight,Driver or rider,Female,18-30,3,Slight Injury
Tuesday,18-30,Male,Above 10yr,,Dry,Daylight,Normal,Vehicle with vehicle collision,3,1,Going straight,Driver or rider,Male,Over 51,3,Slight Injury
Tuesday,31-50,Male,,No defect,Dry,Daylight,Normal,Collision with roadside objects,3,1,Going straight,na,na,na,na,Slight Injury
Tuesday,Over 51,Male,5-10yr,,Dry,Daylight,Normal,Vehicle with vehicle collision,3,1,Going straight,Driver or rider,Male,Under 18,3,Slight Injury
Tuesday,31-50,Male,5-10yr,,Dry,Daylight,Normal,Vehicle with vehicle collision,3,1,Going straight,na,na,na,na,Slight Injury
Tuesday,31-50,Male,Below 1yr,,Dry,Daylight,Normal,Vehicle with vehicle collision,3,1,Going straight,Driver or rider,Male,18-30,3,Slight Injury
Wednesday,Unknown,Male,,,Dry,Daylight,Normal,Vehicle with vehicle collision,2,1,Going straight,na,na,na,na,Slight Injury
Wednesday,18-30,Male,5-10yr,,Dry,Daylight,Normal,Vehicle with vehicle collision,2,1,Getting off,Driver or rider,Male,18-30,2,Slight Injury
Saturday,18-30,Male,5-10yr,,Dry,Darkness - lights lit,Normal,Collision with roadside-parked vehicles,2,1,Going straight,na,na,na,na,Slight Injury
Saturday,31-50,Male,Above 10yr,,Dry,Darkness - lights lit,Normal,Collision with roadside-parked vehicles,2,1,Going straight,Passenger,Male,Over 51,3,Slight Injury
Friday,Unknown,Male,Above 10yr,,Dry,Daylight,Normal,Collision with animals,2,1,Turnover,Pedestrian,Male,Under 18,3,Slight Injury
Friday,Under 18,Male,Above 10yr,,Dry,Daylight,Normal,Collision with animals,2,1,Moving Backward,Driver or rider,Male,Under 18,3,Slight Injury
Tuesday,Under 18,Male,Above 10yr,,Dry,Daylight,Normal,Collision with animals,2,1,Going straight,na,na,na,na,Slight Injury
Tuesday,Under 18,Male,Above 10yr,,Dry,Daylight,Normal,Collision with animals,2,1,Moving Backward,na,na,na,na,Slight Injury
Thursday,Unknown,Male,Above 10yr,No defect,Dry,Daylight,Normal,Collision with animals,2,1,Going straight,Driver or rider,Male,18-30,3,Slight Injury
Thursday,18-30,Male,5-10yr,No defect,Dry,Daylight,Normal,Collision with animals,2,1,,na,na,na,na,Slight Injury
Saturday,Unknown,Female,2-5yr,No defect,Dry,Darkness - lights lit,Normal,Collision with animals,1,1,Going straight,Driver or rider,Male,31-50,3,Slight Injury
Sunday,Over 51,Male,Below 1yr,No defect,Dry,Darkness - lights lit,Normal,Collision with animals,2,1,,Pedestrian,Female,31-50,3,Slight Injury
Sunday,18-30,Male,Below 1yr,No defect,Dry,Darkness - lights lit,Normal,Collision with animals,2,1,Going straight,Pedestrian,Female,18-30,3,Slight Injury
Saturday,18-30,Male,2-5yr,No defect,Dry,Daylight,Normal,Collision with animals,2,1,,Driver or rider,Male,31-50,3,Slight Injury
Saturday,18-30,Male,Below 1yr,No defect,Dry,Daylight,Normal,Collision with animals,2,1,Going straight,na,na,na,na,Slight Injury
Friday,Over 51,Male,Below 1yr,No defect,Dry,Daylight,Normal,Collision with animals,2,1,Going straight,Pedestrian,Female,18-30,3,Slight Injury
Friday,Under 18,Male,,No defect,Dry,Daylight,Normal,Other,2,1,Going straight,na,na,na,na,Slight Injury
Friday,18-30,Male,5-10yr,,Dry,Daylight,Normal,Rollover,2,2,Going straight,Driver or rider,Male,31-50,3,Slight Injury
Friday,18-30,Male,Below 1yr,No defect,Dry,Daylight,Normal,Collision with animals,2,2,Going straight,Pedestrian,Female,18-30,3,Slight Injury
Thursday,18-30,Male,Below 1yr,No defect,Dry,Daylight,Normal,Rollover,2,3,Other,Pedestrian,Male,Under 18,3,Slight Injury
Thursday,31-50,Male,1-2yr,No defect,Dry,Daylight,Normal,Collision with animals,2,3,Other,na,na,na,na,Slight Injury
Thursday,31-50,Male,Above 10yr,No defect,Dry,Daylight,Normal,Collision with animals,2,3,Going straight,Driver or rider,Female,31-50,3,Slight Injury
Sunday,18-30,Male,Above 10yr,,Dry,Daylight,Normal,Vehicle with vehicle collision,4,1,Going straight,Pedestrian,Male,18-30,2,Slight Injury
Sunday,Over 51,Male,Below 1yr,,Dry,Daylight,Normal,Fall from vehicles,4,1,Getting off,na,na,na,na,Slight Injury
Sunday,Unknown,Male,2-5yr,,Dry,Daylight,Normal,Collision with roadside-parked vehicles,4,1,Going straight,Driver or rider,Male,18-30,3,Slight Injury
Sunday,Unknown,Male,2-5yr,No defect,Dry,Daylight,Normal,Collision with roadside-parked vehicles,4,1,Going straight,Driver or rider,Male,Over 51,2,Slight Injury
Tuesday,Unknown,Male,Above 10yr,No defect,Dry,Daylight,Normal,Rollover,3,1,Going straight,na,na,na,na,Slight Injury
Tuesday,Unknown,Female,2-5yr,No defect,Dry,Daylight,Normal,Collision with animals,3,1,Going straight,na,na,na,na,Slight Injury
Tuesday,31-50,Male,2-5yr,,Dry,Daylight,Normal,Collision with animals,3,1,Going straight,na,na,na,na,Slight Injury
Tuesday,31-50,Male,1-2yr,,Wet or damp,Daylight,Raining,Fall from vehicles,1,1,Getting off,na,na,na,na,Slight Injury
Monday,31-50,Male,5-10yr,,Wet or damp,Daylight,Raining,Collision with roadside-parked vehicles,1,1,Going straight,Driver or rider,Female,18-30,3,Slight Injury
Wednesday,31-50,Male,Below 1yr,,Wet or damp,Daylight,Other,Collision with animals,3,2,Going straight,na,na,na,na,Slight Injury
Wednesday,31-50,Male,Below 1yr,,Wet or damp,Daylight,Other,Collision with animals,3,2,Other,Driver or rider,Female,18-30,3,Slight Injury
Wednesday,31-50,Male,,,Wet or damp,Daylight,Other,Collision with pedestrians,3,2,Going straight,na,na,na,na,Slight Injury
Thursday,18-30,Male,Below 1yr,No defect,Dry,Daylight,Normal,Vehicle with vehicle collision,2,1,Going straight,Driver or rider,Female,31-50,3,Slight Injury
Thursday,18-30,Male,1-2yr,,Dry,Daylight,Normal,Vehicle with vehicle collision,2,1,Going straight,na,na,na,na,Slight Injury
Saturday,18-30,Male,2-5yr,No defect,Dry,Daylight,Normal,Collision with pedestrians,4,3,Going straight,Driver or rider,Male,5,3,Serious Injury
Saturday,18-30,Male,1-2yr,No defect,Dry,Daylight,Normal,Vehicle with vehicle collision,4,3,Going straight,Driver or rider,Male,18-30,3,Serious Injury
Saturday,18-30,Male,5-10yr,No defect,Dry,Daylight,Normal,Collision with roadside objects,4,3,Reversing,na,na,na,na,Serious Injury
Saturday,Unknown,Male,Below 1yr,,Dry,Daylight,Normal,Vehicle with vehicle collision,4,3,Other,Driver or rider,Male,18-30,3,Serious Injury
Saturday,Unknown,Male,Above 10yr,,Dry,Daylight,Normal,Vehicle with vehicle collision,4,3,Going straight,na,na,na,na,Serious Injury
Tuesday,18-30,Male,5-10yr,,Wet or damp,Daylight,Other,Vehicle with vehicle collision,2,1,Going straight,na,na,na,na,Slight Injury
Tuesday,31-50,Male,Below 1yr,No defect,Wet or damp,Daylight,Other,Rollover,2,1,Going straight,Driver or rider,Male,31-50,3,Slight Injury
Wednesday,18-30,Male,5-10yr,No defect,Dry,Daylight,Normal,Vehicle with vehicle collision,1,1,Going straight,Pedestrian,Female,Under 18,3,Slight Injury
Thursday,Unknown,Male,5-10yr,No defect,Dry,Daylight,Normal,Vehicle with vehicle collision,3,1,Going straight,Pedestrian,Female,Over 51,3,Slight Injury
Thursday,31-50,Male,2-5yr,No defect,Dry,Daylight,Normal,Vehicle with vehicle collision,3,1,Going straight,na,na,na,na,Slight Injury
Thursday,Over 51,Male,Above 10yr,No defect,Dry,Daylight,Normal,Collision with pedestrians,3,1,Going straight,Driver or rider,Male,31-50,3,Slight Injury
Sunday,Unknown,Female,5-10yr,No defect,Dry,Darkness - lights lit,Normal,Vehicle with vehicle collision,1,1,Going straight,Pedestrian,Male,Over 51,2,Serious Injury
Saturday,18-30,Male,1-2yr,No defect,Dry,Darkness - lights lit,Normal,Collision with roadside objects,2,4,Going straight,Driver or rider,Male,Under 18,3,Slight Injury
Saturday,18-30,Male,5-10yr,No defect,Dry,Darkness - lights lit,Normal,Vehicle with vehicle collision,2,4,Moving Backward,Pedestrian,Female,18-30,3,Slight Injury
Saturday,18-30,Male,2-5yr,No defect,Dry,Darkness - lights lit,Normal,Rollover,2,4,Moving Backward,Driver or rider,Male,18-30,3,Slight Injury
Saturday,18-30,Male,Below 1yr,No defect,Dry,Darkness - lights lit,Normal,Vehicle with vehicle collision,2,4,Turnover,Driver or rider,Male,31-50,3,Slight Injury
Friday,31-50,Male,Below 1yr,No defect,Dry,Darkness - lights lit,Normal,Vehicle with vehicle collision,4,1,Other,na,na,na,na,Slight Injury
Friday,Unknown,Female,5-10yr,No defect,Dry,Darkness - lights lit,Normal,Vehicle with vehicle collision,4,1,Other,Driver or rider,Male,18-30,3,Slight Injury
Friday,Unknown,Female,5-10yr,,Dry,Darkness - lights lit,Normal,Vehicle with vehicle collision,4,1,Going straight,Driver or rider,Male,18-30,3,Slight Injury
Friday,Unknown,Female,1-2yr,,Dry,Darkness - lights lit,Normal,Vehicle with vehicle collision,4,1,Going straight,na,na,na,na,Slight Injury
Saturday,31-50,Male,,No defect,Dry,Daylight,Normal,Collision with roadside objects,2,1,Other,Driver or rider,Male,Over 51,3,Slight Injury
Saturday,Over 51,Male,Above 10yr,No defect,Dry,Daylight,Normal,Vehicle with vehicle collision,2,1,Other,na,na,na,na,Slight Injury
Thursday,Under 18,Male,1-2yr,No defect,Dry,Darkness - lights lit,Other,Vehicle with vehicle collision,2,1,Going straight,na,na,na,na,Slight Injury
Thursday,Unknown,Male,,No defect,Dry,Darkness - lights lit,Other,Collision with roadside objects,2,1,Reversing,Driver or rider,Male,Under 18,2,Slight Injury
Sunday,Unknown,Male,Above 10yr,No defect,Dry,Daylight,Normal,Collision with roadside objects,2,1,Other,Driver or rider,Male,31-50,3,Serious Injury
Sunday,31-50,Male,2-5yr,No defect,Dry,Daylight,Normal,Vehicle with vehicle collision,2,1,Turnover,na,na,na,na,Serious Injury
Thursday,18-30,Male,5-10yr,No defect,Dry,Daylight,Normal,Vehicle with vehicle collision,1,1,Going straight,Driver or rider,Male,18-30,3,Slight Injury
Wednesday,18-30,Male,Below 1yr,No defect,Dry,Darkness - lights lit,Normal,Vehicle with vehicle collision,2,2,Going straight,na,na,na,na,Slight Injury
Wednesday,Under 18,Male,5-10yr,No defect,Dry,Darkness - lights lit,Normal,Vehicle with vehicle collision,2,2,Going straight,Pedestrian,Female,18-30,3,Slight Injury
Wednesday,Under 18,Male,Above 10yr,No defect,Dry,Darkness - lights lit,Normal,Collision with roadside objects,2,2,Going straight,Driver or rider,Male,31-50,3,Slight Injury
Monday,18-30,Male,5-10yr,,Dry,Daylight,Normal,Vehicle with vehicle collision,2,1,Going straight,na,na,na,na,Serious Injury
Monday,Under 18,Male,1-2yr,No defect,Dry,Daylight,Normal,Vehicle with vehicle collision,2,1,Going straight,na,na,na,na,Serious Injury
Monday,18-30,Male,,,Wet or damp,Daylight,Raining,Vehicle with vehicle collision,1,1,Going straight,Driver or rider,Male,18-30,3,Slight Injury
Wednesday,Over 51,Male,1-2yr,No defect,Dry,Daylight,Normal,Vehicle with vehicle collision,2,1,Going straight,Passenger,Female,31-50,3,Slight Injury
Wednesday,18-30,Male,1-2yr,,Dry,Daylight,Normal,Vehicle with vehicle collision,2,1,Going straight,Passenger,Female,31-50,3,Slight Injury
Saturday,Under 18,Male,1-2yr,,Dry,Daylight,Normal,Vehicle with vehicle collision,2,1,Other,na,na,na,na,Slight Injury
Saturday,Unknown,Male,5-10yr,No defect,Dry,Daylight,Normal,Collision with roadside objects,2,1,Going straight,Driver or rider,Male,31-50,3,Slight Injury
Thursday,Under 18,Male,5-10yr,,Dry,Daylight,Normal,Vehicle with vehicle collision,2,2,Going straight,Driver or rider,Male,18-30,3,Slight Injury
Thursday,18-30,Male,5-10yr,No defect,Dry,Daylight,Normal,Collision with pedestrians,2,2,Moving Backward,na,na,na,na,Slight Injury
Friday,31-50,Male,Below 1yr,No defect,Dry,Daylight,Normal,Collision with roadside objects,2,1,Going straight,Passenger,Female,Over 51,3,Slight Injury
Friday,Unknown,Male,Above 10yr,No defect,Dry,Daylight,Normal,Collision with roadside objects,2,1,Moving Backward,Passenger,Male,Over 51,3,Slight Injury
Friday,18-30,Male,5-10yr,No defect,Dry,Daylight,Normal,Vehicle with vehicle collision,3,2,Other,Driver or rider,Male,18-30,3,Serious Injury
Friday,Over 51,Male,Below 1yr,No defect,Dry,Daylight,Normal,Rollover,3,2,Going straight,na,na,na,na,Serious Injury
Friday,Unknown,Female,Above 10yr,No defect,Dry,Daylight,Normal,Vehicle with vehicle collision,3,2,Reversing,Driver or rider,Male,31-50,3,Serious Injury
Tuesday,18-30,Male,5-10yr,No defect,Dry,Daylight,Normal,Vehicle with vehicle collision,1,1,Going straight,Passenger,Male,31-50,3,Slight Injury
Sunday,31-50,Male,Above 10yr,No defect,Wet or damp,Darkness - lights lit,Raining,Vehicle with vehicle collision,2,1,Other,na,na,na,na,Slight Injury
Sunday,31-50,Male,5-10yr,No defect,Wet or damp,Darkness - lights lit,Raining,Vehicle with vehicle collision,2,1,Other,Driver or rider,Male,18-30,3,Slight Injury
Sunday,Unknown,Female,1-2yr,,Dry,Daylight,Normal,Vehicle with vehicle collision,1,1,Other,na,na,na,na,Slight Injury
Wednesday,31-50,Male,1-2yr,No defect,Dry,Daylight,Normal,Vehicle with vehicle collision,3,1,Stopping,Pedestrian,Female,18-30,3,Slight Injury
Wednesday,Unknown,Male,1-2yr,No defect,Dry,Daylight,Normal,Vehicle with vehicle collision,3,1,Other,Passenger,Male,18-30,3,Slight Injury
Wednesday,31-50,Male,2-5yr,7,Dry,Daylight,Normal,Vehicle with vehicle collision,3,1,Other,na,na,na,na,Slight Injury
Saturday,31-50,Male,Above 10yr,No defect,Dry,Darkness - lights lit,Normal,Collision with roadside objects,1,1,Other,Driver or rider,Female,18-30,3,Slight Injury
Friday,18-30,Male,2-5yr,,Dry,Daylight,Normal,Vehicle with vehicle collision,2,1,Going straight,Driver or rider,Male,31-50,3,Slight Injury
Friday,18-30,Male,Above 10yr,No defect,Dry,Daylight,Normal,Vehicle with vehicle collision,2,1,Going straight,Driver or rider,Male,31-50,3,Slight Injury
Wednesday,18-30,Male,2-5yr,,Dry,Daylight,Normal,Vehicle with vehicle collision,2,1,Going straight,Passenger,Male,Over 51,3,Slight Injury
Wednesday,31-50,Male,No Licence,,Dry,Daylight,Normal,Vehicle with vehicle collision,2,1,Going straight,na,na,na,na,Slight Injury
Saturday,31-50,Male,1-2yr,No defect,Wet or damp,Daylight,Raining,Collision with pedestrians,2,4,Going straight,na,na,na,na,Slight Injury
Saturday,31-50,Male,5-10yr,No defect,Wet or damp,Daylight,Raining,Vehicle with vehicle collision,2,4,Going straight,Driver or rider,Male,18-30,3,Slight Injury
Saturday,18-30,Male,1-2yr,No defect,Wet or damp,Daylight,Raining,Vehicle with vehicle collision,2,4,Going straight,Pedestrian,Male,18-30,3,Slight Injury
Saturday,18-30,Male,Above 10yr,No defect,Wet or damp,Daylight,Raining,Vehicle with vehicle collision,2,4,Going straight,Driver or rider,Female,18-30,3,Slight Injury
Sunday,Unknown,Female,1-2yr,No defect,Dry,Darkness - lights lit,Normal,Vehicle with vehicle collision,2,1,Going straight,na,na,na,na,Slight Injury
Sunday,Over 51,Male,1-2yr,No defect,Dry,Darkness - lights lit,Normal,Vehicle with vehicle collision,2,1,Going straight,Pedestrian,Female,18-30,3,Slight Injury
Tuesday,18-30,Male,2-5yr,No defect,Dry,Daylight,Normal,Vehicle with vehicle collision,2,1,Going straight,na,na,na,na,Slight Injury
Tuesday,Under 18,Male,1-2yr,No defect,Dry,Daylight,Normal,Collision with roadside objects,2,1,Reversing,Driver or rider,Male,18-30,3,Slight Injury
Sunday,Unknown,Female,1-2yr,,Wet or damp,Darkness - lights lit,Raining,Vehicle with vehicle collision,2,1,Going straight,na,na,na,na,Slight Injury
Sunday,31-50,Male,Above 10yr,,Wet or damp,Darkness - lights lit,Raining,Vehicle with vehicle collision,2,1,Other,na,na,na,na,Slight Injury
Saturday,31-50,Male,Above 10yr,No defect,Dry,Daylight,Normal,Vehicle with vehicle collision,2,1,,Driver or rider,Male,18-30,3,Slight Injury
Saturday,18-30,Male,Above 10yr,No defect,Dry,Daylight,Normal,Vehicle with vehicle collision,2,1,Getting off,Pedestrian,Male,31-50,3,Slight Injury
Friday,Unknown,Male,Above 10yr,No defect,Wet or damp,Daylight,Other,Vehicle with vehicle collision,1,1,Going straight,Pedestrian,Female,Under 18,3,Slight Injury
Sunday,31-50,Male,1-2yr,,Wet or damp,Daylight,Raining,Vehicle with vehicle collision,2,1,Going straight,na,na,na,na,Slight Injury
Sunday,31-50,Male,5-10yr,No defect,Wet or damp,Daylight,Raining,Vehicle with vehicle collision,2,1,Going straight,Driver or rider,Male,31-50,3,Slight Injury
Monday,Unknown,Male,2-5yr,No defect,Dry,Daylight,Normal,Vehicle with vehicle collision,2,1,Going straight,Pedestrian,Female,18-30,2,Slight Injury
Monday,18-30,Male,2-5yr,No defect,Dry,Daylight,Normal,Rollover,2,1,Turnover,na,na,na,na,Slight Injury
Tuesday,18-30,Male,5-10yr,No defect,Dry,Daylight,Normal,Vehicle with vehicle collision,3,1,Entering a junction,Driver or rider,Male,18-30,3,Slight Injury
Tuesday,Unknown,Male,5-10yr,No defect,Dry,Daylight,Normal,Vehicle with vehicle collision,3,1,Entering a junction,na,na,na,na,Slight Injury
Tuesday,Over 51,Male,2-5yr,No defect,Dry,Daylight,Normal,Vehicle with vehicle collision,3,1,Entering a junction,Driver or rider,Male,18-30,3,Slight Injury
Thursday,31-50,Male,Above 10yr,No defect,Dry,Daylight,Normal,Collision with roadside objects,2,1,Entering a junction,Pedestrian,Female,5,3,Slight Injury
Thursday,18-30,Male,5-10yr,No defect,Dry,Daylight,Normal,Vehicle with vehicle collision,2,1,Other,Driver or rider,Male,18-30,3,Slight Injury