Day_of_week,Age_band_of_driver,Sex_of_driver,Driving_experience,Defect_of_vehicle,Road_surface_conditions,Light_conditions,Weather_conditions,Type_of_collision,Number_of_vehicles_involved,Number_of_casualties,Vehicle_movement,Casualty_class,Sex_of_casualty,Age_band_of_casualty,Casualty_severity,Accident_severity
Saturday,31-50,Male,Above 10yr,No defect,Dry,Daylight,Normal,Vehicle with vehicle collision,3,3,Going straight,na,na,na,na,Slight Injury
Wednesday,31-50,Male,Below 1yr,No defect,Dry,Daylight,Normal,Vehicle with vehicle collision,3,3,Going straight,Passenger,Female,31-50,3,Slight Injury
Wednesday,Under 18,Male,2-5yr,No defect,Dry,Daylight,Normal,Collision with pedestrians,3,3,Going straight,Pedestrian,Male,31-50,3,Slight Injury
Thursday,Unknown,Male,2-5yr,No defect,Dry,Daylight,Normal,Vehicle with vehicle collision,3,3,Going straight,na,na,na,na,Slight Injury
Thursday,18-30,Female,5-10yr,No defect,Dry,Daylight,Normal,Vehicle with vehicle collision,2,1,Going straight,Driver or rider,Male,Over 51,3,Slight Injury
Friday,18-30,Male,,No defect,Dry,Daylight,Normal,Vehicle with vehicle collision,2,1,Going straight,Driver or rider,Male,Under 18,3,Slight Injury
Monday,18-30,Male,Below 1yr,No defect,Wet or damp,Daylight,Raining,Vehicle with vehicle collision,2,1,Going straight,Pedestrian,Male,Under 18,3,Slight Injury
Friday,31-50,Male,Above 10yr,No defect,Wet or damp,Daylight,Raining,Vehicle with vehicle collision,2,1,Going straight,Pedestrian,Male,18-30,3,Slight Injury
Friday,31-50,Male,Below 1yr,No defect,Dry,Daylight,Normal,Vehicle with vehicle collision,2,1,Going straight,Passenger,Male,18-30,3,Slight Injury
Saturday,Unknown,Male,5-10yr,No defect,Dry,Daylight,Normal,Collision with roadside objects,2,1,Moving Backward,Driver or rider,Female,18-30,3,Slight Injury
Saturday,18-30,Male,5-10yr,No defect,Dry,Daylight,Normal,Vehicle with vehicle collision,2,1,Moving Backward,na,na,na,na,Slight Injury
Wednesday,Over 51,Male,,,Dry,Daylight,Normal,Vehicle with vehicle collision,2,1,Turnover,na,na,na,na,Slight Injury
Wednesday,31-50,Male,1-2yr,,Dry,Daylight,Normal,Vehicle with vehicle collision,2,1,Other,Driver or rider,Female,18-30,3,Slight Injury
Wednesday,Unknown,Male,5-10yr,,Dry,Daylight,Normal,Vehicle with vehicle collision,2,1,Other,Driver or rider,Female,31-50,3,Slight Injury
Wednesday,31-50,Male,5-10yr,,Dry,Daylight,Normal,Vehicle with vehicle collision,2,1,Going straight,na,na,na,na,Slight Injury
Tuesday,18-30,Male,5-10yr,,Dry,Daylight,Normal,Vehicle with vehicle collision,2,1,Going straight,Driver or rider,Female,18-30,3,Slight Injury
Saturday,31-50,Male,5-10yr,,Dry,Daylight,Normal,Vehicle with vehicle collision,2,1,Other,na,na,na,na,Slight Injury
Saturday,18-30,Male,Above 10yr,,Dry,Daylight,Normal,Vehicle with vehicle collision,2,1,Other,Driver or rider,Female,18-30,3,Slight Injury
Friday,Over 51,Female,5-10yr,No defect,Dry,Darkness - lights lit,Normal,Rollover,2,1,Going straight,na,na,na,na,Slight Injury
Friday,18-30,Male,No Licence,,Dry,Darkness - lights lit,Normal,Vehicle with vehicle collision,2,1,Reversing,Driver or rider,Male,31-50,3,Slight Injury
Friday,Over 51,Male,Below 1yr,No defect,Dry,Daylight,Normal,Vehicle with vehicle collision,1,4,Other,Driver or rider,Male,18-30,3,Slight Injury
Friday,31-50,Male,5-10yr,No defect,Dry,Daylight,Normal,Vehicle with vehicle collision,1,4,Turnover,na,na,na,na,Slight Injury
Friday,31-50,Female,5-10yr,No defect,Dry,Daylight,Normal,Collision with roadside objects,1,4,Going straight,Pedestrian,Female,18-30,3,Slight Injury
Friday,31-50,Male,5-10yr,No defect,Dry,Daylight,Normal,Vehicle with vehicle collision,1,4,Going straight,Pedestrian,Female,31-50,3,Slight Injury
Friday,31-50,Male,5-10yr,No defect,Dry,Daylight,Normal,Vehicle with vehicle collision,1,1,Going straight,Passenger,Female,5,3,Serious Injury
Saturday,Under 18,Male,5-10yr,No defect,Dry,Daylight,Normal,Vehicle with vehicle collision,1,1,Going straight,Driver or rider,Male,18-30,3,Slight Injury
Wednesday,18-30,Male,2-5yr,No defect,Dry,Darkness - lights lit,Normal,Collision with roadside objects,2,1,Going straight,na,na,na,na,Slight Injury
Monday,18-30,Male,5-10yr,No defect,Dry,Darkness - lights lit,Normal,Vehicle with vehicle collision,2,1,Going straight,Driver or rider,Female,31-50,3,Slight Injury
Friday,18-30,Male,Above 10yr,No defect,Wet or damp,Darkness - lights lit,Normal,Vehicle with vehicle collision,2,1,Going straight,Driver or rider,Male,5,3,Serious Injury
Friday,18-30,Male,1-2yr,No defect,Wet or damp,Darkness - lights lit,Normal,Vehicle with vehicle collision,2,1,Going straight,Passenger,Male,5,3,Serious Injury
Friday,18-30,Male,Below 1yr,No defect,Dry,Daylight,Normal,Vehicle with vehicle collision,1,2,Going straight,na,na,na,na,Slight Injury
Friday,18-30,Male,1-2yr,No defect,Dry,Daylight,Normal,Collision with roadside objects,1,2,Other,Driver or rider,Male,18-30,3,Slight Injury
Saturday,18-30,Male,5-10yr,,Dry,Darkness - lights lit,Normal,Vehicle with vehicle collision,2,3,Going straight,na,na,na,na,Slight Injury
Friday,Under 18,Male,1-2yr,No defect,Dry,Darkness - lights lit,Normal,Vehicle with vehicle collision,2,3,Going straight,Driver or rider,Male,Under 18,3,Slight Injury
Sunday,18-30,Male,5-10yr,,Dry,Darkness - lights lit,Normal,Vehicle with vehicle collision,2,3,Moving Backward,na,na,na,na,Slight Injury
Sunday,31-50,Male,2-5yr,,Dry,Daylight,Normal,Vehicle with vehicle collision,2,1,Going straight,Driver or rider,Female,18-30,3,Serious Injury
Sunday,31-50,Male,Below 1yr,,Dry,Daylight,Normal,Vehicle with vehicle collision,2,1,Moving Backward,na,na,na,na,Serious Injury
Sunday,18-30,Female,5-10yr,No defect,Dry,Daylight,Normal,Collision with pedestrians,2,1,Other,Driver or rider,Male,Under 18,3,Fatal injury
Sunday,18-30,Male,5-10yr,,Dry,Daylight,Normal,Vehicle with vehicle collision,2,1,Going straight,Pedestrian,Male,18-30,3,Fatal injury
Saturday,Unknown,Male,5-10yr,No defect,Dry,Daylight,Normal,Vehicle with vehicle collision,2,1,Reversing,Driver or rider,Male,Under 18,2,Slight Injury
Saturday,31-50,Male,2-5yr,,Dry,Daylight,Normal,Collision with roadside objects,2,1,Going straight,Driver or rider,Female,31-50,3,Slight Injury
Saturday,31-50,Male,Above 10yr,No defect,Dry,Daylight,Normal,Vehicle with vehicle collision,2,1,Other,na,na,na,na,Slight Injury
Saturday,Under 18,Male,5-10yr,No defect,Dry,Daylight,Normal,Vehicle with vehicle collision,2,1,Other,Driver or rider,Female,Over 51,3,Slight Injury
Saturday,Under 18,Male,Above 10yr,No defect,Dry,Daylight,Normal,Collision with pedestrians,3,1,Other,na,na,na,na,Slight Injury
Friday,Under 18,Male,2-5yr,No defect,Dry,Daylight,Normal,Vehicle with vehicle collision,3,1,Stopping,Driver or rider,Male,18-30,3,Slight Injury
Friday,31-50,Female,Below 1yr,No defect,Dry,Daylight,Normal,Vehicle with vehicle collision,3,1,Other,na,na,na,na,Slight Injury
Monday,Over 51,Male,Below 1yr,No defect,Dry,Darkness - lights lit,Normal,Collision with pedestrians,2,1,Other,Driver or rider,Male,18-30,3,Slight Injury
Monday,31-50,Male,5-10yr,No defect,Dry,Darkness - lights lit,Normal,Collision with pedestrians,2,1,Other,Passenger,Female,Over 51,3,Slight Injury
Monday,31-50,Male,2-5yr,,Dry,Darkness - lights lit,Normal,Collision with pedestrians,2,2,Going straight,Pedestrian,Male,31-50,3,Slight Injury
Tuesday,18-30,Male,Below 1yr,No defect,Dry,Darkness - lights lit,Normal,Collision with roadside objects,2,2,Going straight,Pedestrian,Male,Under 18,3,Slight Injury
Tuesday,18-30,Male,2-5yr,No defect,Dry,Darkness - lights lit,Normal,Vehicle with vehicle collision,2,1,Going straight,Driver or rider,Female,31-50,3,Slight Injury
Saturday,Over 51,Male,5-10yr,No defect,Dry,Darkness - lights lit,Normal,Vehicle with vehicle collision,2,1,Going straight,na,na,na,na,Slight Injury
Saturday,18-30,Male,Above 10yr,No defect,Dry,Daylight,Normal,Vehicle with vehicle collision,2,1,Going straight,Driver or rider,Female,31-50,3,Slight Injury
Sunday,31-50,Male,Above 10yr,No defect,Dry,Daylight,Normal,Vehicle with vehicle collision,2,1,Going straight,na,na,na,na,Slight Injury
Sunday,31-50,Male,5-10yr,,Dry,Daylight,Normal,Vehicle with vehicle collision,1,1,Going straight,na,na,na,na,Slight Injury
Monday,Over 51,Male,1-2yr,No defect,Dry,Darkness - no lighting,Normal,Vehicle with vehicle collision,1,4,Going straight,Driver or rider,Male,18-30,3,Serious Injury
Monday,Over 51,Female,5-10yr,No defect,Dry,Darkness - no lighting,Normal,Collision with pedestrians,1,4,Going straight,na,na,na,na,Serious Injury
Monday,18-30,Female,5-10yr,No defect,Dry,Darkness - no lighting,Normal,Collision with roadside objects,1,4,Going straight,Driver or rider,Female,18-30,3,Serious Injury
Sunday,31-50,Male,1-2yr,No defect,Dry,Darkness - no lighting,Normal,Vehicle with vehicle collision,1,4,Going straight,Driver or rider,Female,31-50,2,Serious Injury
Sunday,Over 51,Male,5-10yr,No defect,Dry,Darkness - lights unlit,Normal,Vehicle with vehicle collision,3,1,Reversing,na,na,na,na,Slight Injury
Saturday,18-30,Female,Above 10yr,No defect,Dry,Darkness - lights unlit,Normal,Vehicle with vehicle collision,3,1,Going straight,na,na,na,na,Slight Injury
Saturday,18-30,Female,Below 1yr,No defect,Dry,Darkness - lights unlit,Normal,Vehicle with vehicle collision,3,1,Other,Driver or rider,Male,18-30,3,Slight Injury
Tuesday,18-30,Male,5-10yr,No defect,Dry,Daylight,Normal,With Train,2,1,,Driver or rider,Male,31-50,3,Slight Injury
Tuesday,31-50,Male,Above 10yr,No defect,Dry,Daylight,Normal,Vehicle with vehicle collision,2,1,Getting off,na,na,na,na,Slight Injury
Wednesday,31-50,Male,Below 1yr,No defect,Dry,Daylight,Normal,Vehicle with vehicle collision,1,1,Going straight,Driver or rider,Male,31-50,3,Slight Injury
Wednesday,31-50,Male,1-2yr,No defect,Dry,Daylight,Normal,Vehicle with vehicle collision,1,1,Going straight,Passenger,Female,Under 18,3,Slight Injury
Wednesday,31-50,Male,Above 10yr,No defect,Dry,Darkness - lights lit,Normal,Vehicle with vehicle collision,2,3,Going straight,na,na,na,na,Slight Injury
Wednesday,31-50,Male,Above 10yr,No defect,Dry,Darkness - lights lit,Normal,Vehicle with vehicle collision,2,3,Going straight,na,na,na,na,Slight Injury
Thursday,18-30,Male,Above 10yr,No defect,Dry,Darkness - lights lit,Normal,Vehicle with vehicle collision,2,3,Turnover,Driver or rider,Male,18-30,3,Slight Injury
Thursday,18-30,Male,No Licence,No defect,Dry,Darkness - lights lit,Normal,Vehicle with vehicle collision,2,3,Entering a junction,na,na,na,na,Slight Injury
Wednesday,18-30,Male,1-2yr,No defect,Wet or damp,Darkness - lights lit,Raining,Vehicle with vehicle collision,2,1,Entering a junction,Driver or rider,Male,31-50,3,Slight Injury
Wednesday,18-30,Male,1-2yr,No defect,Wet or damp,Darkness - lights lit,Raining,Vehicle with vehicle collision,2,1,Entering a junction,Passenger,Female,31-50,3,Slight Injury
Friday,31-50,Male,Below 1yr,,Dry,Daylight,Normal,Collision with pedestrians,3,1,Entering a junction,na,na,na,na,Slight Injury
Friday,18-30,Male,1-2yr,,Dry,Daylight,Normal,Collision with roadside objects,3,1,Other,na,na,na,na,Slight Injury
Wednesday,18-30,Male,2-5yr,No defect,Dry,Daylight,Normal,Collision with roadside objects,3,1,Entering a junction,Pedestrian,Female,Under 18,3,Slight Injury
Wednesday,Over 51,Male,5-10yr,No defect,Dry,Daylight,Normal,Vehicle with vehicle collision,1,1,Turnover,Passenger,Female,31-50,3,Serious Injury
Friday,31-50,Male,Above 10yr,No defect,Dry,Daylight,Normal,Vehicle with vehicle collision,2,1,Entering a junction,Passenger,Female,Over 51,3,Slight Injury
Friday,31-50,Male,2-5yr,,Dry,Daylight,Normal,Vehicle with vehicle collision,2,1,Entering a junction,na,na,na,na,Slight Injury
Tuesday,Unknown,Male,Above 10yr,No defect,Wet or damp,Daylight,Normal,Vehicle with vehicle collision,1,1,Entering a junction,na,na,na,na,Slight Injury
Tuesday,Over 51,Female,5-10yr,No defect,Dry,Darkness - lights lit,Normal,Vehicle with vehicle collision,1,3,Entering a junction,Driver or rider,Female,18-30,3,Slight Injury
Thursday,18-30,Male,,No defect,Dry,Darkness - lights lit,Normal,Collision with roadside objects,1,3,Entering a junction,Driver or rider,Male,5,3,Slight Injury
Thursday,31-50,Male,5-10yr,No defect,Dry,Darkness - lights lit,Normal,Vehicle with vehicle collision,1,3,Other,Driver or rider,Male,18-30,3,Slight Injury
Thursday,18-30,Male,Below 1yr,No defect,Dry,Daylight,Normal,Vehicle with vehicle collision,1,1,Going straight,Driver or rider,Male,31-50,3,Slight Injury
Thursday,31-50,Male,2-5yr,No defect,Wet or damp,Darkness - lights lit,Raining,Vehicle with vehicle collision,2,1,Going straight,Pedestrian,Female,Under 18,2,Slight Injury
Wednesday,31-50,Male,2-5yr,No defect,Wet or damp,Darkness - lights lit,Raining,Vehicle with vehicle collision,2,1,Other,Driver or rider,Male,31-50,3,Slight Injury
Wednesday,31-50,Male,2-5yr,No defect,Wet or damp,Darkness - no lighting,Normal,Vehicle with vehicle collision,1,1,Going straight,na,na,na,na,Serious Injury
Tuesday,Over 51,Male,2-5yr,No defect,Dry,Daylight,Normal,Vehicle with vehicle collision,1,1,Going straight,Driver or rider,Male,18-30,3,Slight Injury
Friday,18-30,Male,5-10yr,,Dry,Darkness - lights lit,Normal,Collision with pedestrians,1,1,Going straight,na,na,na,na,Slight Injury
Friday,18-30,Male,5-10yr,7,Wet or damp,Darkness - lights lit,Raining,Collision with pedestrians,2,1,Going straight,Pedestrian,Male,Over 51,3,Serious Injury
Friday,18-30,Male,Above 10yr,,Wet or damp,Darkness - lights lit,Raining,Collision with roadside objects,2,1,Going straight,Driver or rider,Male,18-30,3,Serious Injury
Friday,18-30,Male,5-10yr,5,Wet or damp,Darkness - lights lit,Normal,Collision with pedestrians,1,2,Reversing,na,na,na,na,Serious Injury
Saturday,18-30,Male,5-10yr,No defect,Wet or damp,Darkness - lights lit,Normal,Vehicle with vehicle collision,1,2,Moving Backward,Driver or rider,Male,Over 51,3,Serious Injury
Tuesday,Over 51,Male,Above 10yr,No defect,Wet or damp,Darkness - lights lit,Raining,Vehicle with vehicle collision,1,4,Overtaking,na,na,na,na,Slight Injury
Tuesday,Unknown,Male,,No defect,Wet or damp,Darkness - lights lit,Raining,Vehicle with vehicle collision,1,4,Going straight,Pedestrian,Male,31-50,2,Slight Injury
Tuesday,Unknown,Male,5-10yr,,Wet or damp,Darkness - lights lit,Raining,Collision with roadside objects,1,4,Going straight,Driver or rider,Male,31-50,3,Slight Injury
Tuesday,Unknown,Male,5-10yr,,Wet or damp,Darkness - lights lit,Raining,Collision with roadside objects,1,4,Going straight,na,na,na,na,Slight Injury
Tuesday,Unknown,Male,Below 1yr,No defect,Dry,Daylight,Normal,Vehicle with vehicle collision,1,1,Going straight,na,na,na,na,Slight Injury
Tuesday,Unknown,Male,,,Wet or damp,Daylight,Raining,Vehicle with vehicle collision,1,1,Going straight,Driver or rider,Male,31-50,3,Slight Injury
Thursday,Under 18,Male,5-10yr,,Dry,Darkness - lights lit,Normal,Vehicle with vehicle collision,2,2,Going straight,Driver or rider,Male,18-30,3,Slight Injury
Thursday,18-30,Male,5-10yr,,Dry,Darkness - lights lit,Normal,Vehicle with vehicle collision,2,2,Going straight,Driver or rider,Male,18-30,3,Slight Injury
Tuesday,18-30,Male,Above 10yr,No defect,Dry,Darkness - lights lit,Normal,Vehicle with vehicle collision,2,2,Going straight,na,na,na,na,Slight Injury
Tuesday,18-30,Male,Above 10yr,No defect,Wet or damp,Darkness - lights lit,Raining and Windy,Vehicle with vehicle collision,2,1,Going straight,Driver or rider,Male,18-30,3,Slight Injury
Tuesday,18-30,Male,Above 10yr,No defect,Wet or damp,Darkness - lights lit,Raining and Windy,Vehicle with vehicle collision,2,1,Going straight,Driver or rider,Male,31-50,3,Slight Injury
Tuesday,31-50,Male,Above 10yr,,Dry,Daylight,Cloudy,Vehicle with vehicle collision,2,2,Going straight,na,na,na,na,Slight Injury
Tuesday,31-50,Male,Above 10yr,,Dry,Daylight,Cloudy,Vehicle with vehicle collision,2,2,Other,Driver or rider,Male,Over 51,3,Slight Injury
Saturday,Unknown,Male,Above 10yr,,Dry,Daylight,Cloudy,Collision with roadside objects,2,2,Going straight,na,na,na,na,Slight Injury
Saturday,18-30,Male,5-10yr,No defect,Wet or damp,Darkness - lights lit,Raining,Collision with roadside objects,2,1,Moving Backward,Pedestrian,Male,Over 51,3,Slight Injury
Saturday,18-30,Male,2-5yr,No defect,Wet or damp,Darkness - lights lit,Raining,Collision with pedestrians,2,1,Other,Driver or rider,Male,31-50,3,Slight Injury
Saturday,Over 51,Male,Below 1yr,No defect,Dry,Darkness - lights lit,Normal,Vehicle with vehicle collision,2,2,Going straight,Driver or rider,Male,18-30,3,Slight Injury
Saturday,31-50,Male,Below 1yr,No defect,Dry,Darkness - lights lit,Normal,Vehicle with vehicle collision,2,2,Going straight,Passenger,Male,18-30,3,Slight Injury
Monday,18-30,Male,2-5yr,No defect,Wet or damp,Darkness - no lighting,Normal,Vehicle with vehicle collision,2,3,Going straight,Passenger,Female,18-30,3,Slight Injury
Monday,Over 51,Male,Below 1yr,No defect,Wet or damp,Darkness - no lighting,Normal,Vehicle with vehicle collision,2,3,Going straight,na,na,na,na,Slight Injury
Friday,Unknown,Male,Below 1yr,,Wet or damp,Darkness - no lighting,Normal,Vehicle with vehicle collision,2,3,Going straight,Passenger,Female,Over 51,3,Slight Injury
Friday,18-30,Male,,,Wet or damp,Darkness - lights lit,Normal,Vehicle with vehicle collision,2,1,Going straight,na,na,na,na,Slight Injury
Thursday,18-30,Male,5-10yr,No defect,Wet or damp,Darkness - lights lit,Normal,Vehicle with vehicle collision,2,1,Going straight,Pedestrian,Female,31-50,2,Slight Injury
Thursday,18-30,Male,Below 1yr,No defect,Wet or damp,Darkness - lights lit,Raining,Vehicle with vehicle collision,2,1,Going straight,Driver or rider,Male,31-50,3,Slight Injury
Thursday,31-50,Male,Below 1yr,No defect,Wet or damp,Darkness - lights lit,Raining,Vehicle with vehicle collision,2,1,Going straight,na,na,na,na,Slight Injury
Thursday,31-50,Male,1-2yr,No defect,Dry,Darkness - lights lit,Normal,Collision with pedestrians,2,1,Other,Driver or rider,Male,31-50,3,Slight Injury
Thursday,31-50,Male,Above 10yr,,Dry,Darkness - lights lit,Normal,Collision with pedestrians,2,1,Reversing,Driver or rider,Male,Under 18,3,Slight Injury
Thursday,18-30,Male,Above 10yr,,Dry,Daylight,Normal,Vehicle with vehicle collision,2,2,Other,na,na,na,na,Slight Injury
Thursday,18-30,Male,Below 1yr,No defect,Dry,Daylight,Normal,Vehicle with vehicle collision,2,2,Other,na,na,na,na,Slight Injury
Thursday,18-30,Male,2-5yr,No defect,Dry,Daylight,Normal,Vehicle with vehicle collision,2,2,Reversing,Driver or rider,Male,18-30,2,Slight Injury
Monday,18-30,Male,2-5yr,No defect,Wet or damp,Darkness - lights lit,Normal,Vehicle with vehicle collision,2,1,Going straight,Passenger,Male,18-30,3,Slight Injury
Monday,18-30,Male,Above 10yr,,Wet or damp,Darkness - lights lit,Normal,Vehicle with vehicle collision,2,1,Going straight,na,na,na,na,Slight Injury
Monday,18-30,Male,2-5yr,,Wet or damp,Darkness - lights lit,Raining,Vehicle with vehicle collision,2,1,Going straight,Driver or rider,Female,31-50,3,Slight Injury
Sunday,31-50,Male,2-5yr,,Wet or damp,Darkness - lights lit,Raining,Vehicle with vehicle collision,2,1,Going straight,Driver or rider,Male,31-50,3,Slight Injury
Sunday,18-30,Male,1-2yr,,Wet or damp,Daylight,Normal,Vehicle with vehicle collision,2,1,Turnover,Passenger,Female,Under 18,3,Slight Injury
Sunday,18-30,Male,5-10yr,No defect,Wet or damp,Daylight,Normal,Vehicle with vehicle collision,2,1,Going straight,Passenger,Female,Under 18,3,Slight Injury
Sunday,18-30,Male,Below 1yr,No defect,Wet or damp,Daylight,Other,Vehicle with vehicle collision,1,1,Going straight,Passenger,Male,31-50,3,Slight Injury
Friday,31-50,Male,Below 1yr,No defect,Wet or damp,Daylight,Raining,Vehicle with vehicle collision,2,3,Going straight,Driver or rider,Female,31-50,3,Slight Injury
Thursday,31-50,Male,,No defect,Wet or damp,Daylight,Raining,Vehicle with vehicle collision,2,3,Going straight,Driver or rider,Female,18-30,3,Slight Injury
Thursday,Over 51,Male,Below 1yr,No defect,Wet or damp,Daylight,Raining,Vehicle with vehicle collision,2,3,Going straight,Driver or rider,Male,Under 18,3,Slight Injury
Friday,Under 18,Male,1-2yr,,Dry,Daylight,Normal,Vehicle with vehicle collision,2,1,Moving Backward,na,na,na,na,Slight Injury
Friday,18-30,Male,2-5yr,No defect,Dry,Daylight,Normal,Vehicle with vehicle collision,2,1,Going straight,na,na,na,na,Slight Injury
Monday,18-30,Male,1-2yr,,Wet or damp,Darkness - no lighting,Raining,Vehicle with vehicle collision,2,1,Going straight,Driver or rider,Female,18-30,3,Slight Injury
Monday,18-30,Male,5-10yr,,Wet or damp,Darkness - no lighting,Raining,Vehicle with vehicle collision,2,1,Turnover,na,na,na,na,Slight Injury
Thursday,18-30,Male,Below 1yr,,Wet or damp,Daylight,Normal,Vehicle with vehicle collision,2,1,Going straight,Driver or rider,Male,18-30,3,Serious Injury
Wednesday,18-30,Male,Above 10yr,,Wet or damp,Daylight,Normal,Vehicle with vehicle collision,2,1,Going straight,Driver or rider,Male,31-50,2,Serious Injury
Wednesday,31-50,Female,5-10yr,No defect,Dry,Daylight,Normal,Vehicle with vehicle collision,2,1,Going straight,na,na,na,na,Slight Injury
Friday,31-50,Male,Below 1yr,No defect,Dry,Daylight,Normal,Vehicle with vehicle collision,2,1,Going straight,Driver or rider,Male,Over 51,3,Slight Injury
Friday,18-30,Male,5-10yr,No defect,Wet or damp,Daylight,Normal,Collision with roadside objects,2,1,Going straight,na,na,na,na,Slight Injury
Saturday,18-30,Female,5-10yr,No defect,Wet or damp,Daylight,Normal,Collision with roadside objects,2,1,Going straight,Driver or rider,Male,18-30,3,Slight Injury
Saturday,Over 51,Male,2-5yr,,Wet or damp,Darkness - lights lit,Normal,Vehicle with vehicle collision,2,1,Moving Backward,na,na,na,na,Slight Injury
Saturday,Over 51,Male,Above 10yr,No defect,Wet or damp,Darkness - lights lit,Normal,Vehicle with vehicle collision,2,1,Going straight,Driver or rider,Female,31-50,3,Slight Injury
Tuesday,18-30,Male,5-10yr,No defect,Wet or damp,Darkness - lights lit,Windy,Vehicle with vehicle collision,2,1,Going straight,na,na,na,na,Slight Injury
Tuesday,18-30,Male,1-2yr,No defect,Wet or damp,Darkness - lights lit,Windy,Vehicle with vehicle collision,2,1,Going straight,na,na,na,na,Slight Injury
Thursday,31-50,Male,5-10yr,No defect,Wet or damp,Darkness - lights lit,Raining,Collision with roadside objects,2,1,Going straight,Driver or rider,Male,Under 18,3,Slight Injury
Sunday,Under 18,Female,2-5yr,No defect,Wet or damp,Darkness - lights lit,Raining,Vehicle with vehicle collision,2,1,Moving Backward,Passenger,Female,5,3,Slight Injury
Friday,31-50,Male,5-10yr,No defect,Wet or damp,Daylight,Raining,Collision with roadside objects,2,2,Going straight,na,na,na,na,Slight Injury
Friday,31-50,Male,2-5yr,No defect,Wet or damp,Daylight,Raining,Collision with roadside objects,2,2,Other,Driver or rider,Female,18-30,3,Slight Injury
Friday,31-50,Male,5-10yr,No defect,Wet or damp,Daylight,Normal,Collision with pedestrians,1,1,Other,na,na,na,na,Serious Injury
Sunday,Over 51,Male,1-2yr,,Wet or damp,Darkness - lights lit,Raining,Vehicle with vehicle collision,2,3,Going straight,na,na,na,na,Serious Injury
Sunday,Under 18,Male,5-10yr,,Wet or damp,Darkness - lights lit,Raining,Collision with roadside objects,2,3,Going straight,Driver or rider,Male,31-50,3,Serious Injury
Monday,18-30,Male,,No defect,Wet or damp,Darkness - lights lit,Raining,Vehicle with vehicle collision,2,3,Going straight,Pedestrian,Female,18-30,2,Serious Injury
Monday,31-50,Male,Above 10yr,No defect,Wet or damp,Darkness - lights lit,Raining,Vehicle with vehicle collision,2,3,Going straight,na,na,na,na,Serious Injury
Monday,18-30,Male,Below 1yr,No defect,Wet or damp,Darkness - lights lit,Windy,Vehicle with vehicle collision,1,1,Other,Driver or rider,Male,18-30,3,Slight Injury
Thursday,18-30,Male,2-5yr,No defect,Dry,Daylight,Normal,Vehicle with vehicle collision,6,1,Going straight,Passenger,Female,31-50,3,Slight Injury
Thursday,18-30,Male,1-2yr,No defect,Dry,Daylight,Normal,Vehicle with vehicle collision,6,1,Getting off,Driver or rider,Female,Over 51,3,Slight Injury
Saturday,18-30,Male,5-10yr,No defect,Dry,Daylight,Normal,Vehicle with vehicle collision,6,1,Going straight,na,na,na,na,Slight Injury
Friday,31-50,Male,2-5yr,,Dry,Daylight,Normal,Collision with roadside objects,6,1,Going straight,na,na,na,na,Slight Injury
Wednesday,18-30,Male,2-5yr,,Dry,Daylight,Normal,Vehicle with vehicle collision,6,1,Going straight,na,na,na,na,Slight Injury
Thursday,18-30,Male,2-5yr,,Dry,Daylight,Normal,Collision with roadside objects,6,1,Going straight,Driver or rider,Male,31-50,3,Slight Injury
Thursday,31-50,Male,Above 10yr,No defect,Wet or damp,Daylight,Raining,Vehicle with vehicle collision,2,2,Going straight,Driver or rider,Male,31-50,3,Slight Injury
Thursday,31-50,Male,2-5yr,No defect,Wet or damp,Daylight,Raining,Vehicle with vehicle collision,2,2,Going straight,na,na,na,na,Slight Injury
Thursday,31-50,Male,1-2yr,No defect,Wet or damp,Darkness - no lighting,Raining,Vehicle with vehicle collision,2,1,Moving Backward,Driver or rider,Male,31-50,3,Slight Injury
Monday,18-30,Male,2-5yr,No defect,Wet or damp,Darkness - no lighting,Raining,Collision with roadside objects,2,1,Going straight,na,na,na,na,Slight Injury
Monday,18-30,Male,5-10yr,,Wet or damp,Darkness - lights lit,Normal,Collision with roadside objects,2,2,Other,Driver or rider,Male,18-30,3,Slight Injury
Monday,18-30,Male,1-2yr,No defect,Wet or damp,Darkness - lights lit,Normal,Vehicle with vehicle collision,2,2,Going straight,Passenger,Female,18-30,2,Slight Injury
Monday,31-50,Male,1-2yr,,Wet or damp,Darkness - lights lit,Normal,Vehicle with vehicle collision,2,2,Going straight,na,na,na,na,Slight Injury
Thursday,18-30,Male,2-5yr,,Wet or damp,Daylight,Normal,Vehicle with vehicle collision,2,2,Going straight,Driver or rider,Male,31-50,3,Slight Injury
Thursday,Over 51,Male,Above 10yr,No defect,Wet or damp,Daylight,Normal,Vehicle with vehicle collision,2,2,Going straight,na,na,na,na,Slight Injury
Thursday,31-50,Male,Below 1yr,No defect,Wet or damp,Daylight,Raining,Vehicle with vehicle collision,3,1,,Pedestrian,Female,Over 51,3,Slight Injury